UserId,ProductId,Rating
172,237,5
561,186,3
606,315,4
359,48,3.666667
357,211,4
415,282,4
317,474,3.5
76,22,4
479,218,5
608,22,4
347,31,3.5
234,96,3.5
64,495,3
460,431,5
201,179,4
115,250,4
135,148,4
20,182,4
84,82,3.777778
42,112,5
448,164,4
609,24,4
242,27,3
219,6,1
560,455,4
596,417,3
51,97,5
40,16,3
304,96,3
434,383,4
411,29,3.333333
42,80,4.5
479,70,4
121,45,4
3,391,5
599,2,2.75
297,7,1
240,7,5
162,1,4
79,39,4
387,49,3
387,380,4
428,30,3.5
359,81,3.5
381,411,4
19,105,4
239,468,5
301,15,4
42,36,2.333333
200,503,4
28,236,3
428,394,3
267,192,5
54,22,3
307,406,3
170,7,3
603,232,3.375
368,187,2.571429
422,295,4
268,230,5
356,445,5
339,40,4
16,279,4
219,190,1
46,11,4
28,235,3
368,75,3.428571
472,63,5
446,2,3.666667
565,50,3
139,385,4
268,215,2.75
213,79,4
357,82,4
368,229,2.666667
536,12,2
469,289,2
605,81,3.5
94,39,4
546,255,4
91,280,4
609,15,3
339,456,4
104,82,4
391,249,3
387,287,4
494,343,3
482,309,3
329,79,3.25
577,25,3
105,156,5
202,281,3
599,3,2.666667
63,75,3.75
610,495,3
368,296,2
410,302,2.5
198,297,4
54,48,2.8
182,423,4
477,1,3.666667
465,228,4
57,179,3
606,22,4.333333
84,33,3.5
597,94,2.5
408,385,5
346,51,3
95,48,4
429,39,3
76,79,4.25
71,63,4
64,288,3
419,60,5
210,385,4
590,66,4.666667
44,8,4.5
117,21,3.428571
88,24,5
140,355,4
33,221,3
64,384,4
379,40,3.5
391,319,5
520,346,4
474,53,3
382,306,4
256,297,4
318,282,3.5
167,427,4
79,12,5
39,49,3.666667
63,218,3
480,379,3
453,86,5
321,23,4
603,363,3.2
514,283,3
464,8,5
606,468,3.666667
78,49,3
570,50,4
594,8,5
199,367,3
433,8,3
436,49,3.5
105,299,3.666667
74,27,4
113,228,5
380,175,3
73,299,4
19,44,2.285714
68,44,2
110,44,4
169,214,3
607,81,3
414,153,3.533333
45,112,4
453,317,4.142857
288,347,2
528,209,5
474,266,3.5
552,303,1
474,476,3
260,86,5
204,297,5
336,6,4
603,93,4.5
479,257,2
218,87,2.5
438,474,3
483,442,5
607,153,3
288,349,3
438,288,2
44,66,3.5
160,1,2.75
249,283,3.5
477,133,3.333333
223,499,4
168,79,4.875
74,22,5
553,431,4
127,238,1
534,168,4
558,421,3
68,218,3
427,179,4
554,147,4.5
339,81,4
380,5,4
6,51,3.75
474,294,4
283,51,4
325,182,3
239,80,4
222,297,4
255,81,1
298,427,2
74,237,5
603,150,2.6
437,4,3.75
588,28,3
414,16,2.666667
170,48,3.4
225,148,4.333333
367,244,4
13,79,5
333,238,2
480,177,3.5
232,191,3
363,20,2
380,432,4.5
373,27,4
235,3,3.75
15,31,3
559,44,3
474,173,2
86,252,4
182,379,3
290,2,3.5
414,352,3
487,79,4
234,6,3
417,377,5
187,3,4
18,167,4
362,170,5
369,287,3
419,27,5
51,28,3
268,123,3
312,139,4
380,170,4.5
135,226,4
91,316,2
599,138,3.333333
452,229,4.5
587,210,1
307,179,3.333333
332,60,2
249,253,4
384,223,3
357,233,3
140,394,3.5
325,432,4
42,61,3
93,191,5
233,474,4
16,24,4
483,88,1
57,158,3.5
102,40,3.5
599,110,3
299,283,3.5
368,188,2.333333
553,4,4
555,238,3.5
516,54,3
610,285,3
4,218,4.5
339,128,5
556,48,5
332,259,4
149,87,2.2
215,151,3
274,288,2.5
19,41,2
346,22,4
280,47,4
200,117,3
392,77,2.5
68,148,3
96,16,1
251,79,5
409,79,4.9
527,236,4.333333
18,123,4
603,283,2.666667
233,431,4
101,285,4
197,80,4
453,75,3.666667
420,488,3
113,146,4
604,12,3
221,303,4
380,92,4
318,384,4
91,55,3
517,80,3
217,147,2.666667
45,8,4.5
312,254,4
362,171,4
330,90,3
187,6,4
497,123,3
572,62,3
278,301,4
91,43,4
111,433,3
177,40,5
103,160,4
263,141,4
474,357,3
132,499,3
275,3,4.666667
45,216,5
305,80,4.625
562,119,5
118,42,4
600,72,3
274,13,3
27,40,4
448,364,3
105,275,4.5
23,297,5
603,299,4
11,11,4
309,24,4
497,384,3
170,21,3.5
101,218,3.5
579,98,4
263,435,4
136,18,5
547,236,4
559,15,3
356,326,4
359,119,3
599,335,4
551,385,2
14,7,5
520,79,5
134,15,3
599,317,2.5
203,231,3
274,239,4
177,8,3
298,442,4.5
391,23,5
182,61,2
524,86,4
587,151,3.666667
448,496,4
209,301,5
584,11,4.5
448,185,3.333333
169,261,4
271,224,3
255,28,5
313,30,4
221,228,5
380,280,4
185,297,5
527,266,5
438,88,5
353,31,4
531,316,2
572,11,4
563,67,4
414,198,3
586,502,4
491,303,4
480,224,4.666667
470,61,3
561,189,4
391,294,3
527,216,5
408,20,4
104,209,5
263,77,4.25
483,30,3.5
483,58,4
597,31,5
142,39,4
237,30,2
68,439,3
572,171,3
377,259,5
323,31,4
246,92,4
357,182,3
313,374,4
453,245,4
96,150,3
275,98,5
66,1,4
76,11,5
508,62,2
555,228,2.333333
337,58,4.5
474,352,3
76,516,2
419,200,4
246,442,5
314,4,2.8
312,394,3
367,224,5
470,57,3
91,80,3.285714
307,150,2.666667
165,437,2.666667
509,155,4
410,282,5
226,19,5
448,153,3.75
274,85,3
283,3,1
20,385,4.666667
224,278,5
469,187,3.75
268,177,2
187,374,5
37,11,4
365,171,3
525,91,3
385,48,3.4
504,362,3
177,126,5
448,253,4
599,458,3
580,103,4
328,11,3
461,241,4
19,176,3
135,159,4
282,40,4
590,230,4
307,492,3.5
384,238,3
503,85,1
266,190,1
283,97,4
474,23,4
580,25,4
428,275,1
42,325,1
476,16,2
546,295,4.5
74,229,5
310,66,5
313,38,4
336,209,5
218,117,5
301,48,5
140,258,3
156,194,2
256,434,3
19,271,2.5
61,13,3
525,421,3
504,150,3
594,430,4
27,140,2
292,256,2
37,24,4
527,85,5
115,270,5
480,516,3
491,24,4
135,187,3.4
560,8,4
298,87,3
208,169,2
58,33,4
265,209,5
124,44,3
217,9,2
362,32,4
233,299,3
330,30,4.5
480,278,5
448,274,4
453,205,5
606,237,4
514,410,2
479,357,2
156,379,5
68,360,3
183,231,3.333333
126,36,2
525,215,3
448,236,3.8
560,112,4
347,33,3.5
100,442,5
265,244,3.5
590,324,4
477,365,4
136,49,3
57,101,4
325,32,3
517,328,1.5
57,30,2.5
156,156,5
456,75,3.5
103,5,4
414,267,3.25
202,238,4.333333
307,506,1
381,21,4
419,24,5
177,234,3
470,58,4
421,67,4
68,309,2.5
368,174,3
552,234,3
82,97,4
437,80,4
28,72,2
7,499,4
387,221,3.5
374,11,3.5
573,80,4
90,89,3
66,322,5
140,10,3
240,56,3
610,119,5
534,97,4
579,32,4
239,516,4
599,374,4
351,442,4
422,372,4
197,91,3
191,12,3.5
112,22,4.333333
381,286,4
202,84,3.666667
384,147,4
599,445,2
240,37,3.5
599,311,2
273,25,5
393,59,5
452,275,4
314,24,3
249,97,4
453,4,5
68,502,3.5
294,31,2
33,119,4
234,67,4
57,94,2
387,22,4
539,273,3
514,3,4
361,364,4
95,20,5
28,258,3
45,249,3
327,79,4
448,115,3
64,158,4
595,75,4
120,75,2
600,458,4
355,153,3
453,254,5
594,371,4
308,502,4
438,512,5
217,19,3
408,269,5
603,254,3.333333
428,14,4
514,192,3.5
106,516,5
482,428,4
448,92,3
187,318,4
226,86,3.5
288,128,5
234,187,4
434,98,2
97,320,4
600,147,2
485,12,5
475,283,4
600,523,3
438,329,3
160,254,5
532,231,5
353,15,4.5
294,285,2
166,179,5
11,40,3.666667
380,27,3
481,123,2
95,13,4
60,222,4
307,192,2
597,154,3.666667
237,186,3
474,32,2
453,187,3.333333
113,238,3.5
4,54,3
432,138,5
159,123,5
212,80,4
216,165,4
573,385,5
186,333,4
477,463,4
42,44,4
42,4,4.5
380,502,4
224,126,5
263,57,5
380,157,4
275,259,5
590,125,2
430,463,5
324,294,2.5
101,226,3
413,320,5
42,51,2
223,427,4
531,280,3
104,215,3
195,229,4
584,15,5
599,70,2.5
135,105,3
541,32,2.666667
312,109,1
31,80,3
288,158,2.2
608,73,2.5
561,308,3
517,384,3
447,3,4
104,282,2
413,241,5
579,243,4
27,231,4
346,40,4
247,475,4
199,183,3
66,48,3.666667
288,502,3
474,153,3.571429
352,80,5
312,223,4
372,91,2
585,317,5
436,11,3.5
220,223,5
543,224,5
182,120,4
132,435,2.5
69,223,5
520,377,4
380,488,4
391,427,3.5
474,50,3.5
391,197,3
105,63,5
571,11,2
66,389,4
39,4,4
202,47,3.5
294,284,2.5
387,179,4
469,112,5
589,58,3.5
41,383,3
83,271,5
339,364,5
364,10,4
4,255,4
376,12,5
305,159,5
132,215,2
182,79,4.454545
97,286,5
185,283,3
141,297,3
93,5,4
580,496,4.5
167,57,4
118,151,4
312,66,4.5
66,147,5
386,39,3
75,20,5
387,12,3.666667
462,9,4
91,406,4
404,3,3.5
182,311,2.5
453,58,3.5
156,139,2
469,72,4
246,229,4
202,46,3
272,385,2
126,8,4
381,383,4
57,284,4
305,147,5
382,67,4.5
301,29,4
321,44,3
312,432,3.666667
387,367,4
542,128,5
594,105,4
240,62,4
554,117,5
240,28,5
41,243,4
352,259,4
558,287,5
42,136,3
312,377,4
474,434,2
526,151,3
278,257,3
480,234,3.5
232,489,3.5
113,152,5
198,279,3
479,63,3.666667
544,51,5
19,253,2
425,310,4
232,496,3.333333
198,250,3
167,55,4
287,320,5
177,177,3
542,502,1
66,214,2
80,478,5
469,256,4
217,69,4
600,83,1.5
592,3,4
600,255,1
419,443,3
448,256,2.5
187,234,4.5
477,430,3
264,54,3
115,275,4
124,88,4
434,49,4
449,187,4
437,23,3
233,177,4
448,427,4.333333
524,58,3.5
594,10,4
42,267,4
520,419,4
4,3,2
246,317,5
570,231,4
195,97,3
307,141,3
499,161,3
156,233,3
226,200,5
448,261,4
317,200,4
68,158,2.5
155,91,3
200,231,4.25
140,95,3
570,27,3
113,239,2
414,45,3.428571
380,215,4
569,1,4
368,117,2.666667
294,279,2.25
290,198,4
216,72,4
268,18,5
247,153,3.5
287,42,4
493,63,5
382,502,4
82,219,4
193,40,2
164,276,5
514,256,3
15,86,3
68,16,2
580,44,5
337,62,4.5
250,379,5
22,20,4
111,123,4
383,80,5
53,238,5
596,285,4
51,12,4
270,33,4
64,133,3.666667
6,14,2.25
371,287,4
534,153,4
43,86,5
309,301,4
246,385,5
444,17,3
201,80,4.5
307,474,3
560,58,4
336,11,4
558,80,4
609,30,4
177,173,3.5
43,49,5
91,165,5
44,3,4
115,237,3
367,237,5
301,50,4
137,22,3
224,153,4
156,155,2.333333
240,10,4
247,105,3
182,242,4
380,249,3.333333
249,495,4
33,5,4
177,319,3
412,39,4
428,427,3
357,20,4
430,223,5
328,378,4
215,90,3
432,317,4
304,83,4
356,260,5
307,11,2
274,204,3.5
249,271,4
580,279,3
469,209,4
414,195,3
303,38,3
105,259,4
498,38,3
276,61,5
135,3,5
196,92,3
427,411,2
249,478,3
599,150,3.333333
465,215,2
42,1,4.4
557,12,5
119,241,5
477,19,4
59,66,5
555,210,2
478,239,3
323,32,3
233,61,2
603,9,3.666667
483,241,4
221,231,5
4,177,1
307,400,3
528,11,4
44,90,5
357,23,3
236,79,5
457,3,2
42,221,3.333333
262,24,3
304,19,4
481,121,2
217,167,3
198,192,4
117,60,3
527,245,4
155,47,3
117,17,3
177,320,4
489,362,2
597,140,2.5
226,147,4
572,182,5
57,174,4
558,322,5
256,299,5
255,269,5
352,164,4
93,54,4
72,98,3
315,228,2.5
4,20,4
334,33,3
105,283,4
606,217,3.666667
20,31,4.5
7,322,4.5
211,134,4
517,259,1
477,95,5
572,179,5
274,531,1.5
33,174,4
331,371,3
411,18,3
41,502,4
479,443,3
610,519,3
199,317,3.333333
274,261,3
318,259,4
585,134,4
160,31,5
318,204,4
414,172,4
438,432,2
182,78,4.25
136,36,2.75
269,60,4
20,433,2
325,353,3
427,431,4
274,178,4
465,59,5
286,179,5
367,31,2
414,187,3.5
474,82,3.777778
346,66,3.5
544,54,4.5
600,187,3.5
372,48,3.5
380,258,3
453,295,3
448,133,3
471,1,5
414,322,4.25
432,474,4
395,25,3
226,368,2
304,243,5
282,423,4
181,16,2
603,70,4.333333
444,42,5
503,180,4
425,417,4
469,132,3
181,22,2.666667
177,112,3
464,79,4.6
600,234,4
11,38,3
266,45,3.5
546,293,5
125,24,4
97,63,5
312,148,2.5
452,285,4
455,8,3.5
135,10,4
459,302,4
599,396,2
474,216,2.666667
371,79,5
144,233,3
274,82,3
64,73,3
1,97,4
414,396,3
249,140,4
195,4,5
295,3,5
95,151,4.333333
387,190,3
382,15,3
275,427,4.5
23,259,3
97,319,5
143,516,3
390,8,4
292,290,3
387,80,3.733333
419,188,2
275,265,4
607,1,3.5
377,314,5
555,79,4.615385
137,283,4
4,9,3
166,432,4
19,59,2
91,182,3
603,335,4
99,17,1
290,158,4
135,306,3.5
275,433,2
111,427,3
221,233,3
563,436,3
448,148,2.75
294,236,3
381,297,4
504,238,4
469,73,1
464,30,5
39,160,3
409,216,4
177,153,3.666667
91,443,3
292,434,3
57,393,4
19,193,2
380,392,3
559,23,3.5
590,1,3
474,241,3.5
45,320,5
94,15,2
607,125,5
607,49,5
305,12,5
522,51,3
307,5,3
365,80,4
414,260,2.5
428,237,4
234,215,3
409,22,5
421,49,5
286,364,5
5,3,3.666667
19,53,1.5
318,95,4
222,306,3
313,153,2.333333
115,158,4
590,501,3
577,8,4
566,20,4
603,89,3.5
520,194,4
274,442,4
579,4,4
129,54,4
321,20,3.666667
555,72,3.75
304,172,3
220,435,1
409,91,4
165,431,4
63,63,4
80,3,4
155,162,3
129,280,4
325,301,4
474,448,3
489,97,3
104,88,3
590,162,4
432,432,4
199,78,4
374,85,3.5
328,66,5
555,90,3.444444
239,3,5
325,330,4
235,20,4
483,355,2
479,431,2
199,387,4
605,86,3
570,39,4
167,377,3
447,33,3.8
610,63,4
274,307,4
606,488,3
265,67,4
445,59,5
149,13,2
140,182,4
63,80,3.5
377,3,4
298,251,2
531,194,3
5,40,3
477,322,4
234,162,3
64,235,3.5
326,262,4
34,384,4
201,11,4
516,303,4
45,306,1
572,90,4
580,328,4
156,167,3
339,126,4
17,90,3
111,209,4.5
59,236,5
82,86,1
268,228,4.5
38,54,4
55,205,5
104,55,3
444,2,4
9,473,2
580,346,3
328,155,4
104,157,3
42,153,5
91,431,4
15,209,4
489,177,2.5
562,157,4
572,83,4.5
39,58,4
202,157,3
89,7,2
288,443,3
452,63,5
448,437,4
29,81,4.5
305,22,5
199,428,4
314,51,3
246,377,4
430,209,5
464,221,2
195,319,4
506,3,5
603,167,3
263,101,4
594,50,5
424,170,3
226,475,3
63,19,3
314,55,3
474,238,3.5
243,16,5
586,58,4
368,203,3
223,39,3
263,122,4
572,75,4.4
448,369,5
391,128,2.5
610,41,2
386,48,2.4
432,200,3
51,91,5
552,13,1
151,55,3.5
448,244,4
217,174,2
585,22,5
19,246,3
271,87,4
287,77,4
287,229,3.5
561,371,3
18,87,3.5
94,24,4
287,194,5
276,39,5
505,21,3
273,8,4
599,166,3
393,427,5
479,364,3
217,97,3.25
201,148,5
198,151,4.333333
474,126,4
199,175,2
220,267,4
200,24,5
610,303,2
603,239,3.5
25,151,5
381,224,4
51,391,3
165,77,4
225,151,4
294,137,3
425,243,4
95,431,5
331,516,4
605,224,5
597,36,4
274,47,3
59,48,4
5,4,4
422,391,4
298,90,2
479,424,2
43,47,5
610,72,5
268,181,5
414,65,3
59,217,3
357,432,4
555,193,3.333333
206,63,5
11,17,3
562,309,5
68,249,4
534,223,4
171,8,5
117,61,3.25
469,236,4.2
560,495,3
312,278,4
395,32,4
188,238,5
292,8,2
336,4,5
182,232,4
129,105,4
45,20,3.666667
294,20,2.333333
445,8,4
352,220,5
438,503,2
504,318,4
562,239,4
498,30,5
280,300,3
555,243,4
567,495,3
397,183,3
140,305,4
38,39,3.75
305,520,4
356,399,5
365,228,1
96,79,4.5
201,140,4
225,192,4
233,24,5
200,349,4
600,86,3.333333
42,31,3.333333
195,38,3
255,220,3.5
67,502,4
600,30,4
552,249,3
393,101,5
290,81,4
387,387,4
156,2,4
455,21,4
442,42,2
95,78,5
132,20,2.333333
445,30,3
414,294,3.6
432,24,3
167,140,1
484,67,5
325,94,2
141,24,4
608,274,3
182,332,5
597,58,2.5
220,153,3
105,4,5
489,79,3.714286
369,463,4
262,51,5
361,58,2
131,288,2
590,179,2
112,79,5
227,39,4
96,171,5
514,148,2.666667
18,468,4
263,204,3
390,231,5
52,387,4
489,357,5
354,92,4
3,81,5
544,6,5
352,384,3
292,81,4
381,328,4
586,271,5
201,61,4
238,49,3
546,22,3
6,58,4
187,464,4
201,128,2
371,67,5
344,81,5
265,118,3
134,28,3
340,86,5
182,82,4
226,40,4
566,58,4
265,8,3
178,39,5
62,214,3
524,77,5
381,37,3
69,288,4
82,517,4
232,385,3.333333
247,81,4
235,5,5
608,209,5
51,165,5
368,237,3
599,522,2
132,270,4
546,6,5
240,16,4
226,182,3
298,404,2
432,80,3
160,2,1
388,486,3
231,22,4
16,49,3
66,349,4
177,33,3
380,72,3.714286
177,91,2.5
555,268,4.75
202,51,4
313,204,3.857143
86,223,4
597,232,4.5
381,442,5
298,132,3
487,357,2
305,252,3
437,7,2.4
608,360,5
381,269,2
485,29,5
465,29,4
276,62,3
479,58,3
41,97,2
388,53,1
42,75,4
214,54,3
377,215,3
364,79,3
169,8,5
42,297,3.5
357,72,4
271,281,3.5
458,38,4
7,54,4
103,3,4
458,50,4
474,456,4
596,96,2.5
96,151,3.333333
577,121,3
18,44,4
398,505,5
402,4,3
141,255,5
595,187,5
427,423,3
606,200,4
552,90,3
580,497,3
32,24,4
185,31,3
589,20,5
558,422,3
543,128,1
507,11,3
295,98,2
82,433,4
104,77,5
249,223,4
308,458,5
274,31,4
314,13,3
291,378,5
333,270,3
186,264,4
494,28,1
430,219,3
108,329,5
382,79,5
12,190,3
469,75,4.071429
182,280,4
241,471,4
509,377,4
457,294,4
1,72,4.714286
590,83,4
31,77,3
274,121,4
255,302,2
66,187,4
192,49,3
125,27,5
571,185,3
190,442,4
437,8,3.5
294,8,3
9,173,5
305,474,5
536,16,1
201,229,4.5
274,250,2.5
234,140,2
317,205,5
599,277,3
76,48,5
477,259,5
93,228,5
20,310,4
436,19,2.2
517,218,5
263,62,2.5
39,148,4.5
109,29,3
97,271,4
265,268,3
344,209,5
200,302,4
232,474,4
276,10,4
186,177,4
566,24,5
113,133,4
438,224,2
125,228,5
292,237,5
448,243,3.2
135,268,4
101,271,4
38,33,3.333333
610,478,3
524,9,3
527,192,5
95,421,2
490,425,2
380,455,3
552,77,4.5
505,148,3
355,68,5
223,290,1
205,235,4
220,1,4.5
391,56,4
105,279,5
177,249,2
76,80,2.5
469,155,3.4
469,232,4.333333
239,90,4
267,83,3
430,79,4
387,219,3
195,24,5
226,445,4
297,80,3
144,3,3.5
151,88,4.5
274,259,4
220,209,5
607,22,3.5
144,153,4
266,235,3
414,432,3.6
254,27,4
337,16,4
133,42,3.5
89,75,2
428,160,4
263,231,3
517,70,1
417,385,5
474,347,3
203,36,3
428,121,3
491,378,5
412,51,4
298,462,1
57,32,3
109,30,3.5
294,202,2
599,1,3
275,138,5
534,32,4
308,80,5
167,269,4
57,70,3.666667
318,302,4
379,20,3
606,271,4
462,300,3
186,204,4.2
104,50,4
307,465,3
317,39,3
39,88,4
480,233,4
113,255,4
298,178,5
448,347,2.5
169,3,4
325,72,3.666667
424,49,4
258,474,5
202,174,4
140,215,3.5
137,66,4
567,435,2
155,79,4
169,299,5
91,499,4
82,282,4
523,58,3
198,294,2
312,465,2
249,60,4
339,306,4
168,30,4
249,31,5
45,39,4
51,154,4
183,216,3
239,23,4
31,1,4
195,300,4
419,283,4
484,303,3
552,252,4
307,376,2
413,318,5
600,11,2.5
244,225,3
68,270,2.5
514,5,4
546,253,5
200,458,4
232,458,3.5
357,355,3
28,299,3.5
424,75,4
312,82,5
293,188,3
391,200,5
555,224,3
160,427,5
602,16,2.333333
288,72,3.076923
428,301,3
451,51,5
606,285,4
57,102,2.5
264,72,5
288,254,3
352,205,5
414,102,3
113,246,3
390,500,5
552,225,1
552,37,1
68,118,3
182,122,4
552,204,3
127,83,2
110,67,4
261,1,4
301,384,4
452,281,4.666667
52,394,5
608,435,4
294,78,2.5
519,383,4
609,22,3.333333
239,474,4
587,43,4
109,48,3.166667
317,322,4
66,91,4
458,8,5
367,63,5
33,3,4
415,322,3
280,3,4
448,11,3
228,221,4
448,44,3.666667
521,64,3
563,151,4
336,63,4
105,319,4
560,252,3
66,31,5
489,11,2
391,220,3.75
391,126,3
387,77,4
230,50,4
313,86,3.25
480,269,4
93,154,4.333333
311,381,2
216,84,3
262,27,2.5
215,14,3
414,43,3
501,62,4
28,209,4
168,78,5
587,259,3.333333
78,287,3
562,347,5
376,3,5
318,75,3.75
570,24,4
414,364,3.666667
387,259,4
437,79,4.777778
294,114,4
91,123,3
222,75,3
161,319,4
480,6,2
455,30,5
448,426,1
385,32,3
603,375,4
447,23,4
381,49,2.5
117,10,4
28,233,3
288,234,3.5
531,90,4
166,1,5
479,308,3
368,205,3
489,75,3.166667
448,221,3
164,72,5
81,25,4
185,265,4
1,301,4
247,428,2
217,139,2.333333
571,32,2
606,79,4.1
68,259,3
219,173,3
166,279,4
341,1,5
216,302,3
199,255,4
364,58,4
51,158,3.666667
420,7,4
474,218,3.333333
396,377,4
557,82,4
309,87,4
93,44,4
27,98,2.5
313,64,5
230,177,4
47,187,2
181,38,2
599,275,3
85,77,5
168,51,5
330,83,4
221,49,4
219,155,3
292,262,3
140,62,4
84,393,4
182,33,3
453,150,4
183,97,3.5
335,294,4
292,231,3.333333
527,134,4
160,98,2.166667
45,60,3.666667
474,242,4
558,401,2.5
430,153,5
199,154,3
469,242,5
46,27,5
145,49,4
160,149,1
414,525,4
606,505,4
199,231,4
552,283,2
5,29,3
402,57,3
411,50,3
493,306,4
328,160,5
337,61,4
590,12,3.25
574,12,4
21,155,4
230,72,2
526,181,4
302,56,4
160,52,1
304,38,4
177,418,2
4,232,2
221,266,4
16,239,4
182,419,3
220,233,4
361,204,2
166,428,3
91,263,4
373,21,4.5
409,290,4
50,141,3
131,49,4
586,385,5
322,182,4
74,297,5
292,19,2
14,61,1
474,306,2.666667
230,90,4
140,120,3
597,193,4
543,288,5
354,63,4
276,40,5
234,51,4
579,8,5
158,16,3
561,220,5
150,61,3
428,220,2.333333
609,40,3
283,109,2
414,463,4.5
200,413,4
198,301,3
483,190,3
140,270,3.5
160,79,3.583333
36,167,3
603,285,4
603,271,3.428571
304,68,4
182,27,3.5
336,377,5
254,138,1
195,107,2
474,463,3
59,63,5
304,92,4
19,27,2.333333
221,413,4
464,231,5
583,302,4
477,220,4
362,241,4
240,3,4.666667
89,153,3
100,72,4
94,4,1.5
182,433,4.5
156,66,5
573,133,5
171,57,5
599,250,2.833333
572,117,4
340,30,3
313,216,3
380,60,4
254,7,2
140,439,4
118,79,4.666667
132,236,3
380,328,3.333333
239,79,4.636364
593,78,5
64,148,4
274,433,3
112,241,5
229,42,4
483,220,3
610,290,3.5
244,60,1
282,329,3
140,205,4
274,41,3
50,82,3
265,239,3
16,58,4
372,11,2.666667
495,79,5
109,39,3.333333
357,80,4.6
220,128,5
391,52,5
453,275,2
19,84,3
570,155,4
311,91,3
279,1,3
355,215,5
288,138,3
60,39,3
153,160,1
309,75,3.333333
434,318,4
276,63,4
156,303,4
356,72,4
56,36,3
609,39,3.5
605,158,2.5
144,209,4
352,303,3
606,51,3
375,249,5
365,427,3
376,15,4
524,16,2.5
367,72,5
64,204,3
177,270,2.5
573,214,5
452,318,4
249,231,4.5
159,50,4
486,25,5
21,229,4
298,152,3
288,43,4
573,8,5
292,84,3
585,301,5
91,32,3
182,87,4
105,251,4
385,12,3
287,443,1
525,61,2
151,63,3.4
540,209,3.5
37,75,4.5
27,195,5
140,319,2
186,23,4
173,48,3
136,51,1
590,38,3
301,10,4
28,243,2.5
555,51,3.5
301,474,4
384,320,2
64,458,4
186,224,4
19,80,3.25
215,468,4
432,82,5
144,442,4
303,97,5
375,3,5
237,502,3
101,283,3
560,318,3
166,317,5
39,139,2
294,10,3
513,67,4.5
68,269,4
561,249,3.5
534,3,4
93,30,5
57,78,3
1,264,4
55,82,4
481,100,3
51,54,4
192,33,5
316,139,3
32,28,5
298,236,3
177,59,4
580,69,3
39,66,3
203,271,5
403,75,4
219,383,5
265,22,3.5
95,281,5
68,67,3.666667
217,191,2
573,384,4
342,71,2
230,233,1
44,58,4
342,161,3
551,82,3
136,20,3.4
38,17,2
38,1,5
414,63,2.666667
97,301,4.333333
304,223,3
610,437,4
249,221,3
104,486,3
599,496,3
367,20,5
474,148,3.5
188,49,4
18,20,4
292,20,4
268,37,2
232,317,5
305,318,4
593,4,4
55,147,5
536,48,2.666667
310,341,1
389,40,4
221,209,2
474,283,3.5
18,58,4
195,286,4
6,41,3
19,236,2.9
202,249,4
41,179,4
213,468,4
448,152,4
279,40,4
343,42,5
104,221,4
84,2,4.666667
600,219,2
480,128,2
42,79,4.714286
477,357,3.5
20,239,5
394,45,4
92,71,4
54,49,3.5
318,294,4
19,92,5
608,399,5
424,171,4
387,254,4
596,215,2.5
592,20,4
246,239,4
580,455,2
413,80,1
597,13,2.5
40,4,3
108,39,4
508,10,1
361,200,2
305,502,4
304,45,4
546,297,3.333333
104,58,4
144,61,3
587,240,4
346,4,4
105,503,3
529,75,3
316,446,4
59,221,5
340,23,4
579,275,4
288,186,1.6
286,6,3
139,79,4
503,42,4
490,218,4
607,149,5
288,133,2
174,36,2.5
111,437,3
342,217,4
523,384,5
1,79,4.4
268,61,4
330,379,4
110,8,4
195,8,2
63,228,5
298,133,2
113,287,2
474,437,4
356,236,4
172,223,4
298,516,4
249,457,3
32,22,4.5
297,98,2
10,75,3
294,255,3
99,11,4
510,8,3.5
190,79,4
414,350,2
288,126,2.5
288,223,3.666667
91,22,4
567,141,3
135,385,5
405,17,4
610,235,4
437,38,3
559,49,3
452,280,5
29,190,3
414,278,3.333333
387,72,3
387,282,5
243,48,3.25
294,89,1
580,236,2
361,87,2
430,154,2
58,44,4.333333
263,402,4
314,44,4
160,39,3
217,153,3
513,59,5
384,165,3
131,66,4
19,259,2.75
448,287,3
284,17,4
45,23,4
568,75,5
521,56,3.333333
555,181,4
518,3,1
514,320,2
483,178,5
510,151,3
535,229,1
41,516,3
546,149,2.5
60,80,4
598,383,4
199,22,4
474,316,2.333333
57,90,2
298,275,3
244,78,3
81,23,4
368,100,3
244,252,4
474,340,2
93,58,4
207,53,1
587,40,4.666667
182,103,3
50,221,4
428,91,3
45,18,5
187,179,3
395,38,3
405,317,4
368,251,3
249,274,4
344,474,4
82,132,1
39,101,4
28,40,3.5
492,65,4
528,287,2
275,42,5
346,283,3
182,499,4
315,81,4
226,411,4
543,28,4
542,317,5
481,91,2
253,39,5
448,1,3.571429
568,255,4
461,49,4
140,150,4
200,211,4
200,431,4
275,68,4
453,87,4.333333
312,77,4
64,157,4
282,147,3.666667
414,349,3.25
275,391,2
356,223,4
590,427,3
18,262,4
566,42,5
356,10,4
189,209,4
420,231,4
339,411,4
474,129,2
566,72,2
313,6,4
136,3,2
193,20,5
590,194,3
19,197,3.5
132,87,2.5
410,239,3
45,251,3
135,112,5
294,158,4
469,144,5
386,60,2
232,223,5
355,97,4
606,117,4
327,332,5
377,55,5
304,61,2.5
414,205,3.5
425,496,4
122,512,5
525,40,4
414,107,4
447,29,4
367,243,4.5
591,196,3
447,24,5
410,221,4
539,75,3
220,97,5
91,303,4
135,377,3
318,301,4
453,225,3
318,110,3
265,186,2
109,22,3.6
479,306,2
448,68,4
225,48,3.5
385,22,2.666667
254,223,5
282,364,3
111,443,5
552,363,2
600,319,3.5
108,402,4
217,13,2
21,461,5
511,209,5
514,193,2
587,222,4
497,59,4
292,383,3
45,223,4.666667
198,209,3
458,15,5
477,234,4.5
288,62,3
607,285,2
514,2,3
201,138,4
160,4,4
288,154,3.25
587,138,4
555,75,4.25
268,187,2
558,396,2
587,133,4
82,318,2
426,325,5
384,166,3
453,172,5
305,301,3.8
561,98,4
238,80,3
31,87,4
468,19,3
491,91,5
593,87,4
599,378,3
414,343,4
448,63,5
600,437,3
543,347,4
318,401,4
298,302,1.666667
517,302,2.5
232,40,3.5
19,224,2.375
274,123,3
412,79,4.428571
91,301,2
389,3,4
140,223,3
474,271,3
402,60,5
593,468,4
587,3,5
57,68,4
590,384,5
171,13,5
100,54,4
560,442,4
350,55,3.25
391,28,5
298,478,2
438,502,3.5
304,197,4
606,134,4
316,30,3
484,60,3
346,333,4
412,49,4
453,23,3
29,271,5
414,381,3
160,105,5
284,33,4.333333
438,499,4
605,243,3
332,221,4
524,20,4
409,139,2
105,300,4
15,385,5
55,187,4
382,89,3
174,50,4
487,432,3
42,328,3.333333
74,79,4.75
453,458,4
414,376,4
367,355,2.5
186,163,5
318,456,4
275,157,3.5
313,296,2.5
201,182,5
577,82,4
367,82,3
28,38,1
448,205,4
304,1,4.333333
164,151,3
400,297,5
22,458,5
308,19,1
208,16,2
554,165,3
6,66,3
599,153,2.333333
64,88,4.5
1,20,5
510,75,3
336,48,5
585,290,4
403,239,4
187,60,5
116,44,4.5
387,509,3
368,250,2.666667
59,40,3
27,265,5
282,502,5
266,81,4
533,150,5
8,30,3
410,255,3.666667
419,271,4
223,455,4
372,1,3.571429
301,228,4
489,222,4
596,102,3
499,148,4
477,239,3.333333
266,218,5
42,220,4
45,123,5
51,383,4
580,215,3.5
345,369,3
19,58,2.8
603,50,4
591,77,3
270,7,2
555,38,3.5
387,207,4
294,245,2.5
290,44,3
395,50,4
27,270,4
438,34,2
105,428,4
603,235,4
255,266,1
560,49,4
606,257,3
232,79,4.5
297,95,1
274,493,3
560,516,3
3,281,5
484,172,4
606,349,2
575,200,3.25
600,117,4
554,220,5
298,303,3
414,88,3.4
182,326,4.5
357,213,4
216,287,3
5,19,4
1,160,4
426,3,5
225,160,3
19,218,2.5
608,378,3
517,269,3
577,194,3
137,266,4
453,322,4.666667
157,79,3
266,56,1
23,67,4
325,380,3
411,14,2
149,23,4
608,229,2.8
438,243,4
288,207,4
174,49,3
481,70,3
382,281,5
313,245,3
292,153,3
495,100,4
91,149,2
560,486,2
91,23,3.5
449,301,4
198,218,4
132,75,3.333333
608,88,3
263,139,4
307,274,2
514,296,2
464,22,5
28,42,3
464,49,5
59,80,5
305,60,5
22,173,4
477,75,4.333333
109,72,3
148,468,3
21,153,2
603,334,4.333333
282,133,4
364,52,5
307,80,3.4
549,79,2
219,220,3.333333
417,123,5
603,123,3.5
27,55,2.5
284,36,3.25
182,502,2
453,6,4
489,22,4
274,66,3
305,40,2.5
285,8,5
181,9,3
527,185,3
561,435,4
520,154,3
241,384,5
438,53,3
113,70,5
274,464,3
474,376,2
357,153,4
552,200,5
219,235,5
298,419,1
391,222,4
34,433,2
606,23,4
382,458,4
428,179,2
514,170,4
307,89,5
570,8,3
603,112,4
587,158,4
346,375,3
216,265,5
113,44,2.5
4,12,4
368,138,3
149,33,2
608,81,3
555,139,4
28,103,3
217,253,2
594,167,4.5
216,49,4.5
62,148,5
603,56,2.5
141,150,3
383,206,4
6,28,3
243,42,3
41,302,5
555,174,5
182,243,3.857143
310,90,4
234,148,3
356,62,2
513,322,4
606,509,4
414,411,3.333333
414,389,4
603,332,4
566,40,4
420,78,4
599,19,2
284,1,4
417,30,4
221,518,4
317,24,4
57,220,4
219,61,2
514,333,2
400,385,4
275,70,4
474,486,3
474,149,2
308,67,3
68,110,4
483,168,3
274,28,4
333,271,3.5
42,133,5
132,13,3
62,155,5
187,415,5
380,36,3
323,78,4
503,201,3
356,234,4
252,75,4
305,377,5
226,432,3
380,267,3.5
365,27,3
45,252,4
560,483,4
477,294,4
438,378,3.5
42,39,3.25
202,215,4
121,44,4
600,81,4
85,97,3
95,330,4
448,474,4
169,48,4.333333
512,29,3
33,80,5
411,55,2
122,238,5
427,40,2
217,229,3
4,224,5
424,63,3
532,326,3
221,126,3
33,116,3
59,207,5
444,39,3
216,80,4.166667
607,167,5
390,422,4
177,27,4
364,86,4
579,139,4
577,188,3
23,262,3
117,8,4
242,20,5
369,297,3
144,19,3.5
356,516,3
477,243,4
19,153,2.8
213,478,4
367,150,3
51,224,4.25
562,80,4.6
275,271,4
448,267,3
80,512,4
393,80,5
368,80,4
156,177,4
263,474,5
275,2,4.333333
610,384,4
95,279,2
318,51,4
202,87,3.538461
52,11,4
208,225,2
19,82,5
122,8,4.5
367,23,5
165,326,3
502,333,5
32,20,4
424,79,4
235,38,3
436,42,5
602,38,3.333333
312,209,3
553,128,5
555,17,3
259,322,5
381,368,5
443,123,4
1,83,5
74,158,5
456,1,3.75
369,151,3
448,22,4
427,447,3
160,43,3
410,147,5
141,182,4
436,36,2.833333
561,128,5
249,1,4
330,39,3
412,4,3
587,123,5
474,174,4
64,147,3.5
111,139,4
91,377,4
140,404,3
208,219,2
202,257,4
381,257,1
381,443,2
177,165,4
135,154,3
275,269,4
217,195,2.5
19,50,3
479,278,5
21,82,4
312,433,4
283,10,1
198,2,3.666667
187,153,5
438,300,2.666667
57,84,3
182,383,4
327,274,5
448,510,3
40,30,3
168,228,5
603,243,3.5
561,20,3
4,21,5
580,463,5
167,30,4
453,250,1
274,51,3.5
305,216,5
110,194,3
346,79,4.2
266,220,3
294,57,1.5
11,1,4
309,377,4
287,91,3.5
82,12,3.666667
28,48,4
226,2,2
453,38,4
532,318,4
559,94,3
479,296,3
487,24,3
132,383,3
275,258,5
356,133,4
68,235,3.5
414,526,2
334,96,3
91,213,3
354,59,3
313,15,4
470,19,3
140,231,3.75
450,151,5
43,45,4.5
105,434,4
509,494,2
282,243,4
570,322,4
198,336,2
249,421,4
509,286,3
230,271,3
517,68,3
387,81,3.25
286,502,4
297,101,3
466,431,4
610,61,4.5
525,371,3.5
543,502,5
178,475,5
294,22,3.5
503,80,5
44,60,3
11,102,3
603,259,4.2
599,439,2
474,103,5
470,2,3
543,30,3
447,19,3.333333
391,81,4.333333
603,6,4
325,300,2
517,230,3
492,61,4.333333
193,79,4
313,59,5
409,155,5
438,159,3.5
64,295,3
115,231,4
249,303,3
318,171,4
19,62,2.5
546,244,4
108,209,5
590,250,4
232,239,3
230,215,5
64,60,4
563,303,4
256,13,5
21,431,4
368,152,3
201,77,4
178,228,5
179,55,4
357,377,4.5
156,141,4
322,415,2
396,1,5
498,8,5
340,15,3
95,333,4
365,434,3
167,239,3
474,258,4
387,163,4
86,432,4
572,8,4
606,258,4
45,66,4
164,92,3
532,1,5
312,241,4
592,14,1
480,12,3
570,15,5
253,384,5
219,377,3
202,279,3.5
139,433,2
48,79,3
489,305,1
391,317,3.666667
201,4,1
470,75,4
117,19,3
380,6,5
580,138,4
21,139,2
514,224,3.333333
541,58,5
380,458,3
8,37,1
40,56,5
395,23,3
342,274,3
555,290,1
156,147,3.5
118,86,3
274,8,3
606,162,4
535,198,1
68,241,3
480,27,4
580,23,4
265,187,3.333333
1,268,4
42,341,4.5
51,190,3
438,456,4
275,38,4
152,66,4
33,223,4
292,38,3
352,231,5
275,408,4
517,300,3
307,310,2.5
206,1,4.333333
222,220,2.666667
410,77,4.333333
432,87,4
280,73,4
160,249,1
468,48,3.666667
4,48,4
603,300,3
221,81,5
387,143,4
321,22,3.5
473,211,3
465,103,5
573,60,5
380,365,4
499,279,5
125,17,4
470,8,5
202,162,4
113,3,3
96,249,4
4,256,4
224,38,4
105,151,5
551,329,4
318,59,4
75,84,3
82,512,3
115,49,4
31,83,4
45,379,5
357,68,5
201,215,3
357,69,4
140,192,2
555,4,5
380,343,4
237,3,5
128,68,4.666667
160,95,1
8,38,3
352,474,5
45,79,4.571429
410,4,4
19,66,4.333333
599,290,2
391,379,3.333333
589,24,5
244,33,4
477,216,3.5
71,1,4
328,223,3.5
568,30,5
224,69,4
374,60,4
16,22,3.5
590,255,4
95,299,2
370,301,4
254,231,5
489,209,3.5
383,82,5
502,80,5
491,80,4
377,334,4
592,15,3
332,281,4
438,119,4
479,153,4
222,77,4
295,91,5
438,136,3
417,24,5
608,516,3.333333
349,19,2.5
115,219,2.666667
517,141,1
233,77,3
268,219,4
602,32,3.333333
332,502,3
135,243,4
19,267,3
428,126,1
373,33,2
146,28,2
82,302,4
273,48,3.166667
368,12,2.571429
385,1,3.2
111,236,5
93,158,4
93,167,5
414,146,4
82,503,3
342,176,2
202,36,1
337,7,4.4
369,83,4
103,172,4
590,41,3
565,48,3.333333
367,3,3.5
156,229,3.5
113,62,3
155,48,3
109,25,2
244,88,5
343,228,4
365,20,3
140,220,2.666667
446,19,3
62,75,5
79,301,3
100,282,4
140,47,3
222,79,3.857143
200,95,2
601,177,5
453,168,3
513,49,4
78,39,3
199,377,4
174,54,5
602,40,3
607,222,3.5
42,200,4.5
64,72,3.666667
45,269,4.5
184,458,3
396,22,5
392,190,2
387,79,3.95
381,39,4
104,357,3
514,216,4
304,77,4
234,56,4
428,357,3.5
68,157,3.666667
274,385,3.5
599,281,3.333333
597,147,4.375
306,364,3
42,318,5
217,114,3
387,86,4
150,1,3.25
96,160,4
160,214,1
263,225,2
353,29,4
606,431,4
42,271,3
481,78,4
156,32,3
465,160,4
391,125,5
339,433,5
16,82,3
177,67,4.7
453,102,3.5
448,151,3.315789
558,126,4
125,306,5
349,10,4
169,369,4
124,13,4
140,468,3.25
587,232,4
483,148,5
70,249,4
176,23,4
15,228,4
407,82,4
606,311,3
113,161,4
440,75,3
1,39,5
360,120,5
489,36,2
268,213,3
103,237,4
330,215,3
367,305,3.5
452,64,2
216,3,4
312,42,5
492,88,5
485,11,5
103,376,5
370,322,4
318,378,3
520,97,5
527,86,4
42,140,2
109,10,3
453,3,4.5
51,287,4
318,235,4
380,186,3
177,138,2
555,237,3
414,239,3.8
100,1,4
19,2,2
215,502,3
325,126,4
21,291,4
259,302,3.5
339,39,4
24,157,3
304,157,4
414,317,3.333333
238,148,2
339,475,5
469,285,4
425,139,3
4,81,2
480,39,4
15,30,3
489,239,4
477,223,4
275,263,5
139,317,4
141,218,3
44,63,3
586,237,4
227,119,4
553,58,3
68,49,2.5
255,328,1
372,19,3.333333
182,174,3.5
543,474,5
322,1,3.666667
282,287,2
174,25,3
288,40,2.5
10,293,3
74,306,4
187,368,4
6,5,4
199,37,1
380,94,4
266,48,4
448,370,3
564,428,4
385,27,4
528,271,5
52,431,5
417,268,3
577,70,3.5
572,69,5
514,264,3
292,159,3
287,81,3
298,112,2
187,30,2
182,371,3
562,371,5
156,4,4
6,10,3.6
430,187,4
400,1,5
520,20,3.5
102,19,3.5
26,19,3
134,48,3.666667
159,27,3
18,80,4
117,40,3.857143
33,62,2.5
558,424,3
231,63,4
603,11,1.666667
414,159,2.333333
458,1,3.666667
28,44,4
307,521,2
160,81,4.333333
489,8,3
439,82,3
89,179,2
483,299,4
152,79,4.25
604,2,3
344,30,5
146,279,4
606,286,3
100,81,4
78,58,2
45,96,4
57,287,4
122,223,5
274,305,3
603,82,3.6
342,19,5
62,112,5
340,17,3
367,249,3
476,44,4
469,19,3
357,3,4
98,51,4
305,23,3
47,57,2
597,188,3.333333
482,442,1
524,71,3
274,99,3
216,75,3.75
283,5,3
460,512,5
480,36,2
610,379,4
307,45,3
288,66,3.666667
68,31,1
236,224,5
434,11,5
451,10,4
414,359,1.5
448,78,3.5
182,209,3.333333
211,419,2
130,24,4
606,359,1
105,271,4
287,234,4
256,250,4
217,151,2.916667
307,233,3
560,431,4
414,213,2.8
70,228,4
482,73,4
199,151,3.5
182,213,3
368,98,2.2
45,236,4
264,40,2
160,255,4
417,119,5
385,86,4
561,261,4
68,84,1
177,516,4
288,83,3.6
275,431,4
315,208,2
275,355,2.5
313,315,4
135,189,3
32,87,4.5
602,4,4.5
469,148,4
198,60,3
414,2,3
298,187,2
224,269,5
195,54,5
580,87,3.5
132,4,3.666667
195,187,4
91,59,5
249,126,2
39,204,4
200,276,4
160,92,3
325,177,4
240,8,5
580,322,4
104,51,3.5
330,49,4
260,180,2
16,384,4
452,42,5
33,81,4
304,86,5
221,22,5
108,236,3
151,58,3.75
141,148,4
566,33,3.5
469,54,2
561,303,4
477,287,4
237,79,4
535,224,1
274,272,2
414,518,2
122,224,5
100,21,4
226,71,3
387,218,3.5
367,87,4
274,406,3
380,434,3.5
593,11,3
19,266,2.4
414,353,3
198,308,4
328,87,4.666667
460,123,4
288,192,2
454,297,4
22,24,5
275,260,5
352,25,4
428,434,2
349,48,3.6
414,279,3.25
596,126,2
280,458,4
325,173,3
1,87,3
104,457,2
267,78,4
608,495,4
328,423,4
517,75,3.666667
246,63,4
174,60,3
230,446,3
593,79,4.5
315,85,3
489,318,5
3,491,5
160,235,2.5
477,261,4
391,158,5
330,38,5
391,30,4.5
387,157,3.333333
220,270,4
453,431,4
57,218,3.25
453,78,4
484,431,4
399,502,5
468,8,3.5
238,379,3.666667
541,31,3.75
322,271,4
275,325,5
119,322,4
47,5,3
373,38,2.333333
21,10,3
129,50,4
474,454,5
525,471,4
62,48,4
444,13,2
182,102,2
141,224,3
351,468,4
150,40,3
160,285,5
393,516,4
587,44,4
199,240,4
165,209,4
267,151,4
249,92,4
13,158,3
381,19,5
57,265,3
298,493,5
484,160,4
104,200,3
49,8,4
68,305,3
328,59,5
464,98,1
387,113,2
372,31,3.25
169,42,5
66,442,5
32,45,3
346,75,4
552,299,2
571,214,1
220,81,5
494,40,3
590,399,3
517,236,3.5
82,63,3
140,7,4
294,47,1
183,82,5
325,439,3
137,87,3
21,486,2
182,165,4
364,1,4
477,374,3
249,346,3
313,23,4
59,4,5
95,382,4
217,28,3
53,73,5
275,66,4.5
108,299,4
609,10,3
226,229,4
510,324,3
607,257,3
466,231,4
587,263,3.75
341,502,3
437,63,5
274,383,4
495,17,3
171,393,4
149,77,2.5
1,55,4
161,179,3
198,24,5
414,11,2.75
514,117,4
126,39,5
596,225,3
432,502,4
409,81,4.5
99,29,5
610,310,3
275,88,3.5
104,66,4
468,36,3
347,22,3
456,61,4
259,97,5
436,3,5
509,148,3
474,187,3.571429
348,185,4
380,411,4
15,63,3
199,123,2
599,349,2
284,30,3.666667
597,54,4
327,302,5
68,252,4
585,200,4
474,84,5
454,148,2
321,19,3.333333
317,177,5
446,40,3.8
66,148,4
547,79,4.333333
587,102,4
126,49,3.5
102,13,2
584,50,3
96,32,5
283,87,3
45,214,4
391,150,4
593,103,4
202,264,4
442,229,3.5
435,42,4
383,150,3
328,209,2
186,408,4
4,153,4.5
387,528,4
438,28,4
32,42,4
169,68,5
541,12,3.333333
192,29,5
189,385,4
465,79,4.571429
28,502,2
514,318,4
16,79,3.833333
514,162,4
479,385,5
489,221,3
604,57,3
398,223,4
380,31,5
573,82,5
325,302,3
387,39,3
82,310,4
74,16,5
34,8,5
461,80,4
367,267,4.5
580,5,2
66,81,3
31,5,4
199,219,4
424,32,3
182,489,3
591,2,2
57,21,2.5
198,299,4
587,94,4
312,219,3
59,244,5
117,23,3
288,285,2.5
455,11,3
169,381,5
27,86,3
462,4,3.5
140,374,4
380,162,5
274,171,3
399,432,5
190,42,5
560,119,4
298,55,4
500,58,1
570,133,4
182,251,4
113,211,5
33,172,3
116,79,4
19,51,2.333333
14,4,5
599,65,2
325,100,2
7,59,4
160,45,5
170,44,4
89,494,2
605,54,2
325,1,4
274,5,3
380,363,3
313,155,3.75
362,48,4
410,238,4
182,275,3.333333
357,270,4
328,458,4
217,117,2
558,45,3
594,520,4
606,503,4
33,91,3.5
559,78,4
145,17,3
177,411,3
96,209,4
4,78,3.333333
606,78,3.857143
298,436,5
202,288,4
335,108,4
606,238,4
484,471,4
571,155,2
462,263,5
274,71,2
594,44,5
84,5,3.5
17,66,4
384,333,1
599,25,4
499,324,4
479,402,5
229,24,5
514,502,4
416,502,5
562,149,5
493,92,3
600,228,3
369,204,3
438,16,1
372,36,2.333333
354,427,4
200,265,4
427,435,3
274,382,4
274,62,2.333333
82,521,3.5
219,95,2
336,167,4
330,223,4
438,441,4
182,226,4.5
368,209,3
387,315,4
460,239,4
590,97,3
19,196,3
109,58,3
202,239,4
135,20,4
524,72,2
14,1,3
75,67,3.5
361,220,4
385,41,1
21,205,4
232,263,3
239,39,4.333333
606,428,4
199,435,3
19,132,2.5
452,216,4.5
317,80,4.333333
452,349,4
452,224,5
63,77,5
105,67,4
312,309,4
514,269,4
51,192,4
33,63,5
33,179,3
230,123,3
198,48,3
474,229,2.75
369,229,3
517,270,5
107,48,5
88,317,4
307,54,2
516,324,3.5
432,218,5
520,27,4
107,5,5
280,378,4
610,75,3.8
597,51,3.5
427,83,4
349,42,4
524,1,3.25
304,234,3
307,401,2
4,97,3
274,254,3
40,10,3
219,434,3
393,22,5
385,81,4
483,150,3.5
69,209,5
198,331,2
465,119,4
555,280,4
64,42,5
18,140,3
421,7,4
122,141,4
166,433,4
273,40,4.6
236,192,5
33,153,3.5
599,489,2
553,79,5
161,24,5
563,186,1
51,55,3
597,137,4
169,283,4
104,442,4
590,265,3
479,80,5
68,197,3
608,233,2.5
432,475,4
116,58,4
81,40,4
97,383,5
61,19,4
221,142,5
271,235,4
28,2,3
104,222,4
182,367,3
294,273,1
482,4,4
250,238,5
414,216,4
605,175,2
82,81,4
600,440,3
453,267,3.333333
354,96,4
368,39,3.2
600,55,2
603,219,4
68,204,2
103,179,4.5
453,314,4
188,224,4
587,63,3
104,254,2
610,283,3.333333
136,37,4
512,20,5
490,378,3
480,421,4
347,50,4
271,82,3
522,97,4
307,305,3
555,68,4
573,307,4
11,95,4
567,69,2
201,2,4.5
277,75,3
464,474,4.5
313,223,3.5
369,33,2
599,48,2.666667
181,53,2.5
42,70,2
414,47,4
409,219,2.666667
346,150,4
57,48,3.4
210,329,4
381,288,2
600,80,3.857143
524,73,4
216,173,5
202,119,4
116,213,4
156,1,3.5
610,170,5
4,62,4
257,36,4
297,44,1.5
505,69,5
318,187,3
523,385,5
415,336,3
389,60,5
93,159,4
131,79,4
58,36,3
195,226,4
62,151,4.666667
28,151,5
344,182,5
590,229,3.333333
386,33,3.333333
572,28,2
198,387,3.666667
557,28,4
599,189,3
217,177,2
606,500,4
67,22,5
121,3,4
282,283,3
153,148,3
409,220,2.75
225,61,5
483,156,4
73,11,2
480,286,3.5
266,241,1
226,385,4
422,278,4
117,5,3.5
182,431,3.333333
603,125,4
45,63,4
425,431,4
271,121,1
37,49,5
89,262,1
217,90,1.833333
357,81,4.5
254,228,5
226,256,4
430,24,5
85,128,4
428,211,2
376,432,5
453,91,3.5
357,21,4
20,3,4
607,41,4
389,6,4
580,218,3.5
566,54,4
380,134,3
91,378,4
335,12,4
268,40,3
484,309,4
599,244,3
348,8,5
68,330,2
439,385,5
462,334,4
608,347,2
261,150,3
505,231,5
140,213,4
85,107,4.5
514,147,3
111,384,1
343,234,3
428,521,3
160,96,1
590,8,4
41,458,1
524,82,5
269,57,5
325,87,3.4
234,216,5
288,114,3
409,77,4
195,79,3.428571
356,297,5
504,15,3
232,510,3
14,3,3.5
140,15,3
608,65,3
403,223,3
199,237,3
500,13,5
465,204,4
325,161,4
217,165,2
442,51,1
90,57,3
321,54,3
381,471,4
84,44,3.333333
341,458,4
368,73,3
75,112,2
46,12,3.5
317,148,2
234,86,3.5
477,61,4
268,156,3
95,153,4
512,30,5
208,229,3.5
167,237,4
57,209,5
530,1,4
597,114,5
42,42,3.5
274,317,3.5
524,11,4.333333
18,19,4
380,491,3
590,151,3.5
414,496,2.666667
325,385,5
607,239,3.75
19,264,4
68,171,3
474,221,3.5
536,38,5
200,317,4
600,154,3
332,103,4
425,229,3
91,85,3
232,502,3.666667
380,55,3.5
47,399,4
322,205,4
258,209,5
68,107,3
279,44,5
68,306,2
517,387,5
596,87,3.75
448,56,2.5
339,432,5
411,11,3.6
244,32,5
361,295,5
20,499,4
170,45,4
558,49,4
59,232,5
610,243,4
323,84,3
182,228,3.75
608,276,2
93,140,5
600,283,1
313,24,3
580,48,3.25
292,291,4
34,223,3
214,60,3
26,22,3.333333
66,294,4
561,302,2
330,179,4
64,219,3
580,499,2
42,291,2
514,526,4
20,303,4.333333
477,115,4
475,25,5
69,48,4
273,43,4
298,458,3
365,133,3
317,387,5
177,28,3.333333
249,196,3
202,250,4
297,61,1
1,216,4
288,162,3
520,40,4
107,22,3.5
437,2,4
30,209,5
480,368,3
135,220,3
425,154,3
323,12,4
275,435,3
391,205,3
59,54,4.5
459,20,4
274,72,3.333333
313,170,5
160,357,5
244,101,5
425,17,4
15,12,1
448,453,3
64,186,3
117,42,4
325,63,5
356,317,5
7,79,4.25
63,433,4
317,428,3
182,75,3.714286
238,39,1
480,427,4
153,182,5
33,48,4.5
290,243,4
285,123,4
490,23,4
322,105,5
531,79,3.5
453,24,5
18,38,2.5
171,40,4.5
397,75,4
232,220,2.5
63,474,4
608,69,5
432,213,3
346,261,3
234,11,5
317,374,3
503,51,4
562,133,5
202,38,3
254,255,3.5
429,37,3.5
410,75,4.166667
331,24,5
261,4,4
145,28,2
225,190,4
607,42,5
448,187,2.625
605,502,3
318,475,4
313,184,3
237,209,4
274,424,2
313,79,3.875
68,310,2
608,37,3
459,502,5
82,58,4
264,385,5
256,512,4
21,170,5
524,64,2
453,20,4
114,241,4
274,290,4
250,153,4
220,82,5
230,433,4
345,277,3
42,219,4
157,69,3
391,171,3
479,39,4
152,8,5
166,159,4
282,383,4
586,486,4
321,31,4
151,10,3
350,1,3.333333
68,58,3
373,58,3
4,303,3.75
604,32,4
9,468,4.5
221,101,3
20,147,5
174,42,3
51,115,4
177,187,4
608,40,3
199,2,3.666667
534,87,4
327,82,4
266,103,4
480,182,3
244,58,2
277,58,3.5
606,256,4
437,16,3.5
358,209,4
352,255,4
244,279,3
34,322,5
370,209,4
48,54,4
328,94,1
422,20,5
19,160,4
62,385,5
440,23,4
387,512,4
57,266,4.333333
387,295,3
89,239,3
260,179,4
97,385,5
113,6,1
462,97,4
108,309,4
457,67,4
199,217,4
20,45,5
80,268,4.5
84,49,5
525,305,3
204,112,5
24,463,3
424,287,1
606,31,3.5
157,221,2
170,32,3
362,98,4
495,13,5
18,17,3
338,42,5
35,3,3
38,31,3.5
391,343,4
317,3,4
599,5,2
282,218,4
226,431,4
91,4,4
380,182,4
119,262,5
552,215,2.5
18,250,3
89,320,4
414,320,2.666667
169,235,4
372,80,3.727273
365,301,1
393,60,5
42,173,4
409,256,5
12,126,5
202,158,3.5
554,31,4
307,328,3
51,87,5
141,322,4
66,223,4.5
600,48,3
140,48,4
57,110,1
603,54,2.25
249,426,1
357,305,2
468,12,2.5
243,13,3
282,231,4
354,42,4
92,86,3
96,187,4
318,502,3.5
50,51,4
577,153,3
470,30,5
202,171,4
42,241,3.5
514,324,4
414,387,4.2
135,215,2
27,90,3
484,402,2
288,394,3
442,158,2
600,322,3
265,255,2
377,306,4
11,88,5
230,54,2
599,98,2.333333
393,286,5
474,442,3.4
594,424,5
302,79,5
603,87,2.875
111,364,2
450,257,4
606,233,3
437,91,3
307,500,4
119,302,4
41,60,4
220,457,2
600,288,1
479,262,3
514,294,4
590,235,4
54,2,3
6,52,3
43,41,5
249,58,3.5
457,86,3
400,271,4
422,63,4
83,262,3
139,288,1
111,134,3
489,179,2.5
171,48,5
195,80,4.333333
42,310,3
318,317,3.666667
391,219,2.666667
604,53,3.5
599,40,2.5
177,272,3
220,182,4
36,98,2
103,71,3.5
597,223,3.5
41,151,2
268,224,2.5
313,112,4
597,85,4
605,151,3.666667
109,37,3
119,441,4
307,40,1.666667
345,314,3
53,75,5
312,427,3
45,48,3.8
379,38,3
297,24,5
525,302,3.333333
219,63,2
438,12,4
600,258,2
482,91,4
415,80,4
135,357,2
217,259,2.25
568,250,3
381,54,3
197,4,3
102,29,3.5
41,126,5
177,258,4
158,512,4
17,266,4
528,48,4
208,211,4
330,468,4
606,320,4
132,237,3
457,286,3
414,386,3
361,267,4
318,488,3
417,271,5
281,87,3
287,108,2
479,156,4
507,12,3
380,17,3
360,89,3
156,244,4
571,37,3
91,524,4
516,322,5
294,79,3.9
274,332,3
274,267,4
29,60,4
33,211,5
238,268,4
253,463,5
183,88,4
168,528,4
479,82,3
23,1,4
479,266,4
57,152,5
391,290,3
230,28,3
174,48,4.4
377,224,5
402,33,4.666667
448,18,3
608,303,1
183,40,4
219,379,4
420,371,4
232,475,3
274,365,3
230,61,2
1,86,4
474,20,3.5
483,40,3.5
45,30,5
275,235,4
469,158,4
474,361,1
343,330,4
589,28,4
325,229,4
314,16,3
101,31,2
448,214,2
449,228,4
156,20,1
348,475,5
28,169,4
608,128,4
342,218,2.5
572,236,4.8
599,355,2.333333
527,180,4
584,33,5
418,81,5
88,42,4
477,342,4
363,123,5
590,67,4.555555
288,215,2.75
275,379,3.5
391,228,4
308,58,1
160,317,2
415,171,4
428,499,2
354,177,4
63,512,4
1,103,4.5
95,384,4.333333
317,367,4
525,4,3
132,299,3
93,25,5
294,173,4
410,306,5
286,140,4
217,123,3.5
400,231,5
28,523,4
561,172,2
520,209,5
66,52,4
288,382,2
125,45,4
497,80,4.5
529,5,3
606,529,4
325,308,4
438,228,3.666667
131,103,4
318,263,4
588,10,3
385,47,3
208,223,4
57,136,2
313,44,5
587,147,4.5
219,91,4
305,329,4
479,91,4
19,83,4
428,54,2
115,230,5
321,49,3.5
369,218,4
36,153,2
391,80,4.181818
458,5,5
402,29,3
481,106,4
383,44,4
563,61,4
273,19,4.75
288,272,2
601,432,4
278,4,5
338,427,3
469,288,3.5
263,1,4
329,147,4
580,233,3
42,115,2
187,128,4.5
219,22,3.25
512,15,3
174,33,3
405,90,4
430,228,5
510,72,4
398,234,5
45,250,2.5
182,229,3
71,72,4
476,32,3
219,164,4
380,336,3
68,289,3
600,302,1
480,293,5
603,135,2
153,11,5
24,318,4
599,502,3
308,82,5
581,24,5
474,384,3.8
375,50,3
13,293,3
414,439,4
387,258,3
244,49,4
329,24,2
551,54,4
93,90,4
42,276,3
182,128,4
384,22,5
315,229,3
148,442,3
608,463,4.5
477,190,4
603,138,3.2
45,100,4
452,215,4
610,18,5
213,80,4
525,456,5
257,468,3
373,31,3
474,58,3.333333
555,138,2.5
218,80,4
575,199,2
472,317,1
390,23,5
279,94,4
39,48,4
450,265,4
510,213,4
447,10,3
517,33,3
273,21,4
282,474,4.5
29,384,2
268,32,2
232,148,4
408,123,4
381,30,4
330,31,3
599,117,3.5
149,138,1
68,363,2
45,4,5
577,51,3
453,318,3.5
610,238,3
562,49,4
599,132,3
514,153,4
156,15,3
153,243,4
380,252,3.5
213,431,3
414,72,3.692308
199,173,5
76,209,4
18,148,4
410,37,4
132,151,3
503,67,4
160,286,1
198,20,5
608,266,3
607,11,4
599,41,2.5
591,220,2.666667
66,82,4.666667
117,56,3
553,90,5
222,283,4
414,186,2.5
288,180,3
437,40,3.833333
130,8,5
19,23,2
348,48,4
325,383,3
438,91,4
469,38,3.666667
586,63,3.5
45,282,5
599,475,2.5
452,1,4
57,296,2
59,262,4
541,30,5
340,22,4
580,502,5
183,268,4
181,37,3
130,38,3
363,91,4
36,87,2.5
453,169,4
56,8,4
335,4,5
1,90,3.5
3,83,5
599,515,2
309,526,4
380,320,3
436,39,3.25
445,468,4
104,80,3.75
182,268,3
563,486,3
160,32,2.666667
514,243,4
452,48,5
354,4,4
432,297,5
119,385,5
215,455,5
222,12,3
448,499,4
572,101,5
195,72,5
485,27,4
240,39,3.25
481,114,3
172,151,4
380,75,4.142857
284,23,4
525,288,3
182,261,3
140,235,2
605,33,3
501,51,3.5
607,226,3
308,20,5
305,179,5
33,101,3
312,282,3
474,290,3.333333
305,42,5
573,20,5
108,75,4
284,4,3
393,82,5
217,57,4
354,445,4
381,97,4
45,89,4
1,236,4.666667
305,2,3
280,377,5
294,80,3.5
27,11,2
139,463,2
287,79,3
527,98,5
592,16,4
594,224,5
533,170,5
91,141,4
271,179,3
45,265,3.333333
275,328,5
322,59,4
288,299,3.333333
486,13,4
207,86,4
606,290,3
555,303,3
452,204,4.333333
384,28,4
470,23,3
599,471,3
111,63,4
160,502,2
297,2,2
426,301,4
467,187,2.666667
561,349,4
263,75,4
166,384,5
195,271,4
453,77,4.5
232,468,3.666667
181,23,2
18,8,4
282,19,1
84,29,4
19,78,2
200,436,3
234,157,4
493,151,4
263,516,4
220,215,4
115,103,4
113,221,2
156,80,4.214286
144,50,3
454,153,3
387,357,3.5
268,165,2.5
387,235,3
135,37,3
452,302,5
482,297,4
522,151,5
51,239,5
173,50,3
274,235,3.5
171,12,5
4,235,4
64,363,3
586,223,3
480,266,3
85,4,5
234,59,3
236,198,3
274,98,2.333333
489,233,4
63,153,5
331,283,3.5
200,383,4
294,209,3
290,209,3.5
135,249,3.25
266,7,3
460,468,5
90,51,4.666667
433,49,4
156,246,3
47,377,5
294,136,1
548,6,5
45,239,5
344,20,5
125,7,3
307,510,3.5
474,123,2
380,303,3.5
161,77,5
135,291,3
99,33,5
564,8,3
414,426,3.333333
42,225,3
297,56,2
235,44,4
104,48,3.333333
480,294,4
546,51,2
344,24,5
605,7,3
599,23,3
76,8,3
59,29,3
96,126,2
587,77,4
599,75,3.5
93,29,4
594,217,5
294,281,2.333333
61,80,4
115,97,4
139,516,2
95,309,4
292,276,4
217,126,3
116,216,3
448,429,3
42,235,3.5
111,502,2.666667
462,271,2
38,36,3
590,387,3
444,29,3
222,209,4
562,265,4
563,79,3
438,272,1
465,250,3
497,61,2
244,45,4
380,398,3.5
476,37,4
562,385,5
328,385,5
232,268,4
185,126,3
266,23,3
305,228,5
259,86,5
424,488,1
69,194,4
372,44,3.5
325,23,2
25,20,5
276,81,5
577,71,3.5
467,186,2
534,231,4
298,155,4
447,50,4
217,48,3
324,223,3
105,468,4
352,138,2
610,67,4
57,7,2.5
387,160,2
524,4,3.5
520,83,4
387,500,4
20,187,5
603,8,3.166667
187,229,3
182,157,5
557,442,5
474,415,3.666667
282,54,3
135,54,4
580,161,5
59,153,5
353,23,3
594,79,3.8
448,317,3.142857
153,41,2
371,48,4
70,80,4.5
608,458,3
275,302,3.333333
229,23,3
161,260,5
524,12,3.25
202,63,3.666667
182,445,3.5
412,220,2.4
140,303,3.4
263,49,5
201,49,5
464,322,4
597,229,4.6
307,190,1.666667
126,48,3.25
609,17,3
437,13,5
234,233,4.5
63,60,3.5
546,187,3
57,153,3.4
168,279,5
339,516,3
45,36,3
434,502,3
182,3,4
82,371,4
474,308,3.5
589,15,3
234,123,1
425,22,4.5
35,1,4
480,239,3
527,77,4.5
387,472,3
167,189,4
534,155,4
274,231,3.75
135,24,5
520,237,4
453,224,4
307,69,3
522,8,4
122,79,4.9
91,48,3.666667
100,97,4
600,286,3
361,11,3
195,22,4.5
600,4,3.5
302,3,3.5
580,280,3
242,3,4
182,90,4
182,366,5
373,2,2.5
102,44,2
555,57,3.333333
199,3,4
64,496,4
466,24,3
66,233,4
68,198,3
469,218,2
288,377,3.333333
202,101,4
225,133,4
100,44,4
102,25,2
261,297,5
606,96,4
452,148,5
80,275,4
90,77,4
21,38,1
376,48,3.666667
41,228,4
480,1,3.6
275,426,3
135,25,2
470,27,4
555,221,2.666667
505,153,5
176,22,3
294,190,3
66,228,5
448,231,3.2
428,233,2
455,36,3
90,10,3
346,518,4
592,27,4
392,223,3
480,394,4
514,236,2.5
249,42,4
414,500,3
178,211,4
347,17,3
405,154,4
254,22,5
119,328,4
428,243,2
313,185,2
202,228,4.333333
140,324,4.333333
187,24,3.5
93,220,3
220,224,4
467,39,1
586,23,4
319,42,5
580,24,3.5
469,169,5
527,372,4
275,64,5
380,54,3.5
95,302,2
140,51,4
297,1,5
173,8,3
140,249,4.5
76,223,4
342,231,4
572,40,4
57,268,3
234,3,3
26,1,3
64,59,3
366,297,4
362,427,4
594,67,4
29,231,4
68,27,4
568,10,3
367,182,5
20,72,3.25
140,87,3.5
113,67,4.75
480,110,3
603,241,4
76,200,4
68,166,5
202,31,4
68,190,3
387,58,3
39,255,5
553,187,3
305,266,4.5
276,79,5
483,4,3
610,459,5
474,145,4
368,24,3
348,152,5
374,80,4
100,45,4
139,299,5
159,428,2
294,241,1
469,276,2.5
456,55,5
60,79,3
68,433,2
115,83,5
520,162,4
477,90,4
599,245,3
297,6,2
275,204,4
115,2,4
453,41,4
346,2,4
273,44,3
560,309,4
354,299,3
297,64,4
558,233,4
182,164,3
600,261,3.5
424,60,3
392,218,5
414,424,3
182,138,4
304,125,3
385,88,4
13,271,5
495,140,5
321,10,4
13,252,4
171,2,5
352,128,4
4,31,3
63,22,5
13,275,4
236,149,5
474,520,3
18,60,4
226,488,5
428,61,2.5
356,442,4
432,86,2
140,3,4
239,162,4
483,63,3.5
33,19,3.666667
480,214,3
91,502,3
15,150,5
415,120,4
586,243,5
484,5,4
233,502,3.5
144,91,3
483,264,4
56,61,4
42,361,2
174,19,3.5
275,229,4.8
552,445,5
522,209,4
198,428,3
599,24,3
552,78,4
50,239,3
249,288,2.5
359,177,5
232,54,3
111,88,5
325,190,4
563,302,3
448,464,5
504,63,4
85,122,3.333333
142,48,3.75
315,157,3
68,165,3
45,217,1
260,463,2
105,22,5
57,155,3.333333
445,223,4
391,168,5
187,357,5
177,433,3
68,268,3.5
107,11,4
362,271,4
150,51,4
6,3,4
92,209,5
590,45,3.5
36,221,2
407,79,4
62,239,3
409,171,4
457,271,5
346,77,3.5
282,265,4
211,271,5
57,100,3
104,249,4
226,499,4
45,13,1
28,428,4
226,160,4
480,276,5
260,363,4
302,40,5
609,25,3
387,374,5
350,58,3.333333
91,260,5
312,207,4
522,5,3
217,102,2.666667
249,79,4.555555
304,80,4.8
458,3,4
352,177,5
286,119,4
380,435,3.333333
486,33,3.5
238,382,3.75
68,19,1
394,11,3
225,27,5
495,61,4
129,154,4
355,24,3
186,391,4
561,195,4
606,419,4
354,148,4
232,72,2.5
512,22,4.25
522,231,4
116,126,4
212,22,3
274,463,4
45,270,4
292,235,2
68,164,2
294,98,2.666667
353,18,3
543,228,5
354,463,4
159,40,2.5
336,384,5
231,228,4
380,519,2
594,27,5
262,12,3
513,79,4.333333
561,271,5
467,156,2
45,380,3
594,394,5
42,151,4.666667
164,141,3
284,45,3
411,24,2.5
113,119,5
352,385,5
66,229,4
453,274,4
97,357,4
387,393,4
288,39,3
431,81,4
275,315,3.5
596,49,4
399,499,5
528,303,4
312,317,3
424,371,3
343,475,5
16,20,3
448,132,2
430,236,1
132,471,3
8,19,3.333333
610,464,5
307,476,1
474,115,2
4,5,3
292,285,2
226,238,3.5
178,413,5
465,261,5
606,378,4
552,235,4
472,4,5
169,147,5
203,431,5
121,23,3
518,61,3
554,187,5
4,266,5
325,98,3
411,9,2
572,224,5
66,141,4
294,222,2
352,48,5
68,265,3
116,67,1
91,353,3
526,228,4
53,214,5
307,471,2
232,141,3
414,152,3.4
226,249,4
34,190,1
580,384,3
562,288,4
368,123,2
197,138,3
346,297,3
27,172,2
517,155,3
151,60,3.5
484,149,3
604,48,3.5
480,287,4.5
307,19,3.333333
523,123,5
482,92,5
489,69,4
597,139,4
580,174,3
217,43,2
489,319,3
149,94,1
500,18,4
181,1,3.166667
28,187,2
138,19,5
610,20,5
387,138,4
438,133,3
435,173,4
414,30,3.666667
105,517,3
363,24,4
331,502,3
263,70,3
160,138,1.5
280,67,3.5
158,75,3
580,231,5
480,417,2
311,57,3
587,194,4
577,148,3.5
455,25,3
476,18,4
42,121,1
452,72,4
230,73,4
380,366,3.5
95,44,4.5
469,157,4
183,259,3
156,223,4
323,17,3
256,318,4
221,150,3.5
474,515,3
367,263,5
450,267,5
524,75,2.5
153,60,5
337,60,4.5
507,23,3
559,12,3
370,75,4
68,219,3.333333
489,40,3
266,139,2.5
274,417,3
28,80,4
298,502,4
367,83,5
45,45,3.5
405,2,4
603,155,3.333333
59,42,5
275,428,4
474,147,4
187,170,4
350,8,3
274,157,3
188,80,3.5
297,86,4
97,303,3
496,322,3
45,378,4
45,144,3
327,228,2
238,266,4
187,445,4
527,209,4
79,166,4
135,200,3.5
479,377,4
410,159,3
313,329,3
387,4,1
274,49,3.333333
356,91,5
534,286,4
45,302,5
448,286,3
450,75,4
263,213,3
275,15,3
307,494,1
19,10,2
452,239,4
186,160,3
100,201,2
595,40,4.5
414,64,3.5
607,38,4
308,445,3
385,77,3.666667
599,302,2
428,502,2.5
482,224,4
176,38,4
236,223,5
169,80,4.5
308,151,5
254,385,4
64,31,4
45,119,4
288,475,3
219,297,4
517,40,2.75
178,79,4.333333
45,425,3
131,30,3
58,54,5
66,220,4
307,216,3
267,44,5
376,97,4
27,79,3.625
364,3,3
584,36,3.5
368,291,3.5
239,119,4
503,317,4.5
586,86,4
274,263,4
514,80,4
216,267,2
456,56,3.333333
134,32,3
608,279,1
198,28,4
412,223,4.25
316,303,3
57,194,3
220,60,4
477,36,3.5
318,296,4
312,170,4
275,24,4
96,287,3
590,79,4.454545
168,59,5
54,11,3
606,30,4
288,8,5
593,141,3
11,33,3
515,30,5
325,40,4
141,377,4
608,152,2
4,311,3
290,255,4
294,59,1
590,376,3
500,228,5
563,30,4
574,8,5
59,249,5
414,262,3.333333
305,119,4
221,155,3
491,48,5
42,243,3.5
104,97,3
54,12,3
345,181,4
555,49,5
42,347,4
232,153,3
599,267,3.5
226,271,4
167,224,3.5
66,137,4
541,57,5
45,72,3.666667
305,63,5
220,243,4
445,60,3.5
607,154,5
373,54,4
112,3,5
28,87,4
224,49,4
312,387,3.5
514,228,3.333333
606,6,4
497,231,4
481,88,2
177,51,4
462,184,4
203,173,4
474,343,3
275,384,5
155,55,3
171,37,5
255,151,1
534,283,4
314,30,4
606,191,4
597,148,4.2
610,44,5
560,138,4
252,177,5
80,364,4
80,171,4
274,25,4
497,79,4.333333
282,236,5
24,108,3
75,322,4
387,459,3
483,328,3
387,35,3
590,86,3
51,353,3
59,140,3
202,22,4.333333
380,499,4
21,234,5
602,49,5
4,66,4.333333
32,5,4
485,23,3
160,160,2
167,20,4
555,180,3.5
428,209,3.5
483,61,2
157,231,5
4,75,3.9
380,522,4
469,80,4.35
84,21,3.857143
16,67,4
239,40,4
4,161,5
362,455,4
3,54,5
177,179,2
558,141,4
500,219,5
528,301,5
253,213,5
116,80,2
125,30,5
562,30,5
106,468,5
201,192,4
7,133,5
275,349,5
425,38,3
590,319,3
375,224,4
64,366,2
605,75,4
198,153,5
438,197,3
182,479,4
477,11,4.5
66,166,4
587,153,4
560,51,4
1,82,5
606,123,4
47,289,4
346,8,4
603,152,4.333333
84,27,3.5
387,302,3
197,19,3
32,61,2.333333
43,51,5
156,449,4
606,205,4
307,46,2
477,79,4.363636
383,235,5
140,263,4
477,87,3.666667
425,155,4
199,58,3
590,188,3
185,133,4
135,61,4
274,277,3
19,21,1
274,265,3.333333
41,209,2
266,219,5
225,165,4
170,40,3.5
606,109,4
82,40,4
75,101,4
410,254,4
606,497,4
157,250,2
603,182,1
53,90,5
104,109,4
233,241,4
600,148,3.5
32,78,3
186,385,4
91,203,2
563,293,3
340,11,4.5
82,92,4
425,204,3
368,7,2.333333
580,237,4
28,239,2
428,71,2
211,291,3
307,215,3.5
9,432,4
330,91,4
303,215,5
414,303,3.333333
474,391,3.5
275,463,5
357,98,4
229,32,3
455,29,4
94,50,2
93,59,4
125,231,5
599,307,3
380,80,4.666667
156,181,3.5
555,269,3.5
176,4,5
262,44,2.333333
79,48,5
62,123,5
239,75,4.5
477,191,3
391,5,4
592,33,4
562,22,5
135,287,3.5
534,215,4
126,15,3
169,24,5
425,384,4
561,234,3
605,68,3.5
78,194,1
84,77,4.2
186,132,4
469,280,3
282,97,4
514,30,4
362,110,5
28,252,4
410,176,4
33,16,3
494,63,5
448,439,3
462,8,5
91,243,4
453,200,5
198,84,3.5
380,35,3
96,42,5
74,235,4
573,274,4
202,155,3.333333
75,40,2
566,23,4
77,474,2
599,230,3
562,241,4
380,59,4
137,20,4.5
512,48,3.2
535,219,4.5
112,385,5
211,431,4
479,233,2
438,58,2.5
597,194,3
527,344,3
234,300,4
582,79,4
274,462,3
309,231,4
27,288,4
306,377,3
162,48,3.666667
71,54,4
282,81,5
419,140,5
466,259,4
603,246,4.25
352,197,3
606,85,3
292,379,4
443,79,3.5
321,36,3
448,363,3
442,267,1
81,3,5
384,319,1.5
186,143,5
195,159,3
170,3,5
517,8,1
290,281,4
330,141,5
100,238,4
388,79,2.5
42,169,5
495,179,3
452,60,5
212,322,4
167,510,3
132,84,2
522,87,4
69,286,4
249,174,3
268,220,3
483,222,2
511,384,4
280,79,4.5
488,49,5
10,486,3
490,265,4
183,79,4.125
603,107,5
200,157,5
362,103,4
532,39,5
42,148,3
91,283,4
177,44,1
292,148,3
264,32,4
572,194,4
100,268,4
74,78,4
141,283,3
63,322,5
103,427,3
600,364,3
580,42,3
199,384,2
342,2,3
45,155,4
42,58,2
434,228,5
140,247,4
607,37,3
185,270,3
350,75,3
259,239,3
221,181,4
469,228,4.2
19,39,2.625
368,126,3
477,117,2
141,151,4
517,30,2
373,28,3
414,87,3.444444
495,474,5
249,281,3
414,171,4
500,80,3
357,179,4
156,266,4.25
347,8,3
608,24,3
42,167,4
156,68,4.666667
225,224,4.5
74,377,4
241,158,2
186,357,4
182,233,3.666667
132,3,2.666667
535,228,4
414,486,3
453,42,3
241,317,3
580,40,4
91,153,3.5
603,81,3.428571
108,63,4
51,98,1
288,103,3
69,243,5
217,62,2.5
204,474,4
600,99,2
232,364,3.5
500,139,2
186,77,4.333333
469,189,3
561,149,4
555,286,3
547,77,4
608,200,5
414,441,3.333333
507,30,4
182,263,4
171,56,5
160,303,5
266,8,5
307,402,4
160,91,1
492,7,3.857143
555,53,5
274,456,4
246,297,2
434,432,3
229,36,3
382,516,2
64,229,3
380,226,4
372,71,2.5
12,21,3
307,442,3
222,188,4
43,28,4
391,259,4
455,22,3
256,317,3
356,264,5
523,474,5
28,267,3
33,47,1
591,182,4
33,141,5
312,187,3
286,303,4
589,33,4.5
387,228,4
599,190,3.142857
307,358,2
533,192,3
274,249,3
545,213,5
284,32,3.5
232,431,4
4,357,1
5,36,3
288,224,3
265,282,4
66,55,4
290,27,4
519,24,5
201,84,5
312,216,2
409,234,3
484,196,3
325,48,3
404,12,3.333333
357,97,3
191,27,3
354,85,4
411,20,3.166667
198,310,1
589,60,5
140,45,4
607,243,2.333333
605,1,4
88,138,5
586,241,4
480,365,2
33,1,2
559,1,4
87,5,3
226,18,5
177,362,4
414,149,2
160,168,1
590,262,3
157,218,3.5
74,461,4
105,387,4
110,75,4
405,1,4
510,32,3
153,79,3.75
360,123,5
480,376,3
441,385,5
391,147,4.333333
485,20,1
577,72,3
113,81,4
525,322,4
302,63,5
93,96,4
42,95,3
462,12,4
149,41,2
221,45,3
294,229,3
591,32,5
140,126,4
579,3,3
401,61,4
58,22,4.333333
63,377,2.5
45,437,5
407,20,4
292,303,3
456,3,3
292,306,2
464,72,5
91,234,3.5
609,20,4
484,57,3
368,49,4
601,66,5
380,160,4
72,86,4
582,209,5
195,20,4
386,40,2.25
380,86,4.166667
135,102,3
280,265,4
217,86,2.5
84,25,3
477,153,3.5
418,97,5
57,279,3.333333
530,29,3.5
66,246,3
474,11,2
606,253,4.5
437,52,4
276,30,5
514,38,4
590,71,3
467,78,5
57,3,3.5
391,19,3.5
185,66,5
358,237,4
71,12,5
435,151,5
580,331,3
33,126,4
298,253,2.333333
473,377,4
199,110,2
38,4,4
66,3,5
489,73,2
88,474,4
574,28,5
122,75,5
286,22,5
473,22,4
380,489,4
412,103,5
505,79,4
331,377,3
107,10,4.5
414,476,3
414,428,3.625
140,50,4.5
603,261,3
113,303,3
380,3,4.5
74,86,4
234,150,3.5
170,31,3
18,301,4
282,250,3
71,79,3
234,219,3
590,139,3
342,81,4
35,19,3.6
469,138,3.666667
564,209,3
31,33,5
19,169,2
541,19,4
527,82,3.666667
419,151,5
367,260,4
220,22,5
476,51,3
588,27,4
448,79,4.388889
122,51,5
566,39,4
222,318,3
422,81,5
602,60,4
484,379,2
595,81,5
429,11,4.5
45,241,5
294,243,3.666667
183,39,4.5
108,468,4
113,150,4
553,301,5
453,56,4
130,27,4
498,18,5
452,67,3
8,8,3
480,133,4
201,27,5
608,103,3
339,24,4.5
554,63,5
280,239,4
223,215,3
577,229,3
115,141,5
438,138,3
103,154,4
96,22,4
386,13,2
92,192,4
303,87,4
583,22,4
490,384,4
28,329,3
219,214,3
244,80,5
144,12,4
305,271,5
599,422,4
370,82,4
19,134,2.25
158,231,3
101,286,4
211,231,5
477,155,3.666667
430,303,5
260,80,3
51,255,5
62,435,4
42,91,3.833333
562,442,3.5
599,182,3
18,63,4
599,54,2.666667
558,431,5
217,37,2.5
434,385,4.5
391,231,3.75
292,209,3
424,243,5
352,299,4
271,3,4
586,91,4
64,303,4
483,386,4
474,312,4
608,284,3
220,303,5
83,93,2
95,456,4
608,236,4
306,223,3
223,187,4
214,75,3.5
313,132,4
220,431,4
183,83,4
307,22,3
70,263,5
469,44,4.5
238,317,4
304,102,4
191,2,4.666667
453,117,1
324,37,2
331,303,3
597,215,3.666667
160,184,1
1,12,5
475,82,5
448,373,2
177,519,1
474,360,4
295,22,5
225,229,4
608,165,1
132,234,4
18,48,4
204,377,5
298,72,3
182,218,4
298,12,3
474,255,3.333333
555,257,3.5
352,122,3
90,3,4
63,432,4
414,275,3
517,71,2.5
325,101,4
299,252,4
274,65,2.5
160,499,1
391,139,3.5
51,256,5
527,20,5
199,23,2
432,215,4
418,95,5
325,112,4
448,284,3
453,249,4.571429
399,40,3
588,37,3.5
432,72,2
182,136,3
247,179,3
199,223,3.5
365,445,5
66,80,4.5
438,15,2.5
453,204,5
594,150,5
402,61,4
411,19,3
376,322,4
263,221,3
477,45,3
469,274,2
226,281,4
153,81,4
298,384,2.5
103,67,4.333333
74,458,4
42,299,2.333333
239,378,4
68,239,3
215,155,4
524,49,4
590,275,3
441,22,5
118,11,2
41,109,2
369,138,5
584,19,3.666667
477,445,4
79,231,4.5
372,17,2
477,393,5
28,255,4
514,88,3
414,70,3.5
160,126,1
256,442,5
585,249,4
165,162,4
342,91,2
305,270,3
453,432,4
352,322,3
45,474,5
410,82,5
176,48,3.75
79,82,5
298,249,3
411,25,3
59,256,4
452,20,5
400,51,5
466,489,4
449,297,4
232,297,4
177,285,3
330,92,4
334,475,4
368,200,3
218,12,2
117,20,3.75
580,77,4
125,384,5
24,270,2
68,516,4
27,77,4.5
430,67,5
562,458,5
312,85,4
336,200,5
566,28,3.5
177,424,3
314,58,3.5
532,375,2
585,37,4.5
347,23,3
576,79,3
66,49,4
325,290,3
463,159,3
57,95,1
562,282,4
63,32,4
414,488,3.666667
405,103,4
541,40,4.25
448,455,2
46,37,3
354,297,4
551,87,4
599,151,3.166667
216,181,2
66,287,4
52,141,5
274,220,2.25
316,299,3
74,75,5
64,182,4
538,55,5
111,468,3
122,96,3
219,87,3
336,49,5
346,80,4
249,182,4
232,293,3
288,284,2.166667
212,468,3
462,75,3.2
381,179,4
489,271,5
307,243,2.5
186,232,3
153,474,4
88,4,5
312,88,3.5
465,72,4
104,305,4
313,257,1
596,231,4
100,7,4
307,149,3
232,299,3.5
371,225,5
16,471,4
307,288,5
593,378,2
312,16,3
257,91,2
186,70,5
525,394,4
394,4,5
589,29,3
558,22,3
27,238,4
302,5,5
274,285,4
294,25,4
139,400,2
385,28,3
134,29,4
294,43,2
135,166,2
97,209,5
266,148,2
380,22,5
517,235,3
608,77,3
91,21,3
243,4,4
391,84,4
119,31,5
525,468,3
177,385,3.333333
555,150,3.285714
232,394,4
20,434,1
217,262,2
317,218,3
381,187,4
342,287,2
285,250,3
243,8,5
456,87,5
473,294,5
606,80,4.166667
330,20,4
354,141,4
381,303,4
105,390,4
393,495,3
357,302,3
280,66,4
312,458,3.5
195,88,3
414,402,4.5
266,211,4
414,197,3
359,322,5
429,16,4
587,83,5
424,219,5
586,82,4
71,2,1.5
75,243,1
552,322,4.5
474,222,3
138,134,5
19,198,3
532,41,5
186,187,5
286,516,4
328,81,4.5
3,245,5
570,12,3.5
68,80,2.333333
324,295,4
579,217,3
479,260,3
215,150,3
181,4,3
430,329,3
265,184,2
495,126,5
470,28,3
434,268,4
288,297,2.5
217,6,1
554,51,2
104,211,4
312,235,3
91,167,3
387,101,3
318,153,3.5
18,67,4.25
421,317,4
183,193,3
249,522,2
127,236,4
331,231,4
19,81,4
380,82,4
28,7,2
290,107,4
457,197,4
182,360,4
125,357,4
603,97,4.5
96,8,5
526,82,4
160,280,4.5
491,458,5
318,11,3.333333
45,31,4.666667
177,303,3
199,44,3.333333
560,234,4
416,377,5
41,80,4.333333
18,218,3
57,197,4
182,531,4
468,20,4
140,279,4
239,512,5
312,290,3
438,328,3
608,160,3
332,143,4
428,1,2
380,71,3.5
453,31,5
591,271,5
29,324,4
430,283,3.666667
507,20,3
217,105,2
275,109,3
160,134,3
275,33,5
587,68,4
305,20,5
144,322,5
387,10,2
538,72,5
42,84,4
307,404,5
122,41,4
503,165,3
64,387,4.5
590,187,3.666667
605,57,2
566,3,4
169,434,4
489,360,3
144,239,3
56,31,5
263,21,4
453,336,3.5
448,211,3.5
600,27,4
469,87,3.25
525,364,2.5
307,41,2
546,117,5
249,117,4
409,250,3
377,303,5
477,37,3
448,51,3
350,6,3
307,30,4
57,120,3
381,423,5
38,28,3
385,30,4
39,63,4
171,1,5
436,46,4
202,284,4
113,82,4
77,209,5
36,45,2
418,151,4.5
13,50,3
137,77,5
64,502,4
187,1,4
391,38,1
592,41,2
217,128,2.5
428,217,1
337,40,5
475,363,4
113,49,4
514,109,2
276,1,3.8
135,213,3
474,177,4
483,371,5
380,158,4
191,21,4.25
84,63,4
325,382,3.5
495,237,2
136,1,5
68,267,3
464,63,4
83,322,3.5
387,230,4
45,97,4.333333
387,284,3
325,306,3
373,29,3
117,57,4
597,110,4
234,264,3
411,3,4
606,139,3.5
381,173,2
217,240,2.5
36,123,3
112,49,4
436,48,3.5
527,369,3.5
577,143,4
219,229,3
244,92,4
307,499,2.5
216,171,4
288,266,3.5
294,24,2.666667
202,182,4
608,57,2
463,317,4
20,75,5
432,75,3
387,44,3.5
523,442,5
380,269,4
546,290,3
339,228,5
135,303,3
135,72,5
135,222,4
344,377,2
377,28,3
500,172,3
275,91,4
463,322,3
93,151,4
11,29,5
182,302,4
381,4,2.5
111,153,3
599,315,2
469,173,3.666667
595,96,2
489,387,5
180,77,4
68,138,2.5
570,29,4
182,244,4
470,49,3
387,60,2
603,73,4
596,139,3.5
290,109,4
477,55,4.333333
202,11,4
288,86,2.75
585,79,4.666667
298,342,3
556,516,4
525,31,4
599,412,3
38,49,3.5
39,81,4
331,282,2
155,138,4
488,67,3.666667
232,67,4
63,24,5
536,21,4.333333
331,275,2
479,440,2
448,230,4
174,41,5
45,427,5
448,85,5
186,1,4
130,22,4
177,283,4
384,167,4
321,33,4
387,182,3
437,21,5
66,86,4.5
98,30,5
301,214,5
125,366,4
177,250,2.666667
514,347,3
541,20,3.333333
80,427,4
562,170,4
186,233,4.5
607,223,5
607,263,5
111,36,4
380,77,4.4
34,126,5
16,197,3
208,101,3
226,209,4
289,75,2
313,128,4
91,252,4.5
282,376,4
474,223,4.5
102,28,4
44,77,4
195,218,4
66,85,5
119,13,3
32,57,3
489,78,4.5
132,187,3
412,72,3
187,428,2
193,60,4
599,29,2.5
139,427,3
347,27,4
542,431,4
42,90,3.125
579,129,5
307,50,3
410,20,3
376,101,4
11,140,4
345,281,3
481,97,3
392,56,1
368,70,2
219,134,4
171,58,4
300,228,5
151,1,3.75
414,6,2.666667
414,133,3.333333
610,299,3.5
555,70,3
247,235,3
160,51,4
181,8,3
164,268,5
465,101,4
373,15,2
230,329,4
527,40,5
63,269,2
576,86,4
195,223,4
520,75,3
201,219,3.5
91,170,5
542,67,4
63,283,3
532,42,5
343,103,4
307,173,2
433,75,4
391,79,4.476191
226,60,3
450,94,4
141,112,4
352,150,5
303,268,5
517,55,2
606,262,4.5
298,18,3
242,22,4.333333
43,55,5
143,259,1
527,114,4
117,58,3
182,378,3.5
489,141,4
357,303,5
312,468,4.666667
105,59,4
142,30,4
608,8,3.25
488,216,3
50,86,2
141,317,3
391,232,3
101,32,2
540,179,5
368,97,3
330,29,4
474,62,2.666667
454,22,4
103,82,4
318,458,3
32,16,5
105,303,4
425,14,3
599,435,2.5
474,162,3.666667
20,268,1
220,516,5
287,4,1
580,443,4
586,187,4
1,189,3
275,285,4
465,30,5
453,252,2.333333
357,60,4
606,114,2
279,100,4
380,204,3.75
287,428,1
133,48,2.75
353,1,3.714286
588,32,1
462,2,3.5
452,371,4
51,376,3
493,78,2
331,495,3
260,153,2
113,19,3.5
185,51,3
290,242,4
307,6,2
370,516,4
415,22,5
235,42,5
414,214,2.5
391,89,3
458,22,3.75
144,82,4
387,386,3
105,285,4
44,10,2.5
387,200,4
137,63,5
577,243,3.5
380,286,4
426,286,4
318,82,4
18,22,4
270,2,4
279,30,3
121,24,5
409,223,2
580,329,3
20,154,4
294,2,2.5
428,186,5
409,176,5
302,33,3
381,50,4
503,22,5
177,299,4
4,220,2
42,237,5
29,279,4
153,126,2
480,499,4
608,486,2.5
202,108,4
145,48,3.666667
96,228,5
97,332,4
545,90,4
587,82,4
103,475,5
607,216,3
185,431,4
452,44,5
10,84,3
477,39,4
217,8,2
200,295,4
532,358,3
135,192,3
414,103,4
19,56,3
109,12,3
547,228,4
19,112,4
274,411,4
43,20,4.333333
428,62,3
509,80,3.5
82,54,4
270,10,2.333333
23,455,4
188,174,5
503,269,3
124,75,3.5
22,317,3
177,215,2
226,496,3
44,89,5
267,86,5
469,393,4
226,283,3
505,49,5
372,30,2.5
292,186,4
426,224,4
572,84,5
84,20,3.5
307,151,3.5
590,204,3.666667
580,461,3
349,33,4
167,84,3
461,209,5
350,56,3
457,8,5
335,39,3
287,383,2
463,474,3
4,213,5
149,1,1
554,57,5
249,306,4
428,172,2
288,305,3
580,301,4
474,160,3
45,440,2
74,456,4
367,362,5
57,1,3.5
262,10,3
274,156,2
150,60,4
48,463,4
135,119,4
328,49,3.666667
258,241,5
290,275,4
520,267,4
348,385,5
428,378,3
500,252,4
51,305,2
95,495,4
594,187,4
482,48,4
353,20,3.666667
510,148,3
560,155,4
307,531,1
173,42,5
555,279,2.666667
53,80,5
217,7,3.333333
516,166,3
42,117,4
186,85,5
27,287,1
335,62,3
434,8,5
560,411,4
179,7,3
155,286,4
297,15,1
288,303,4
274,475,3
311,509,4
132,322,4
414,499,3.625
182,312,4
234,326,4
267,239,4
416,79,3.5
265,229,2.5
473,157,1
527,72,4
336,183,5
483,285,3
201,153,4
380,30,4
275,165,3.8
307,297,3.5
150,3,4.5
318,79,3.875
14,42,3
280,303,4
391,229,4
186,141,4
219,233,5
294,14,2
514,149,3
91,8,3.666667
44,55,2.75
315,67,3.666667
500,376,1
384,328,3
160,268,4
404,42,4
234,14,2
603,303,2.75
307,447,2
37,19,5
246,290,5
20,289,4
57,4,4
82,495,4
448,59,3
475,81,5
298,387,5
6,30,4.25
135,96,2
117,75,4
213,72,4
141,516,4
462,109,3
57,263,4.5
458,58,4
480,282,3
469,91,3.333333
594,310,5
234,280,4
19,138,1.5
391,297,5
64,223,4.5
187,75,4
484,91,4
113,2,1
282,148,4
66,8,5
270,56,3
438,246,3
599,345,2
168,83,4
517,133,3
292,371,2
98,63,3
610,431,3.5
469,268,3
333,67,2
282,138,5
59,105,5
430,286,4
162,19,3.5
17,22,5
19,252,2.5
561,265,3
610,22,5
91,367,1
380,276,2.666667
64,79,4.538462
409,252,3
580,82,4
584,18,4
20,139,5
217,23,2.333333
280,8,3
75,87,3.333333
265,148,4
381,209,5
312,204,4
517,474,2
75,385,5
108,387,4
28,154,4
337,21,4.333333
402,1,3
167,216,3
50,49,2
404,50,3
500,3,1
457,273,2
380,255,3
266,154,3
85,44,4
448,341,1.5
571,162,3
380,61,2.666667
28,183,4
1,88,3
292,150,4
1,8,4.5
4,77,5
606,207,4
177,228,3.5
597,171,4.666667
382,100,1
115,133,3
562,148,4.666667